id,obra_id,tecnologia_id
1,4,1
2,6,1
3,6,2
4,8,1
5,9,3
6,9,4
7,9,1
8,14,5
9,14,1
10,19,6
11,19,7
12,20,1
13,22,3
14,22,8
15,22,1
16,23,1
17,23,9
18,25,10
19,25,11
20,25,5
21,29,1
22,32,12
23,32,3
24,32,4
25,32,7
26,32,1
27,33,4
28,33,1
29,34,11
30,38,1
31,39,1
32,39,13
33,42,1
34,44,3
35,44,1
36,45,10
37,45,3
38,45,4
39,45,14
40,45,15
41,46,16
42,46,1
43,49,1
44,51,17
45,54,1
46,56,1
47,57,18
48,59,19
49,63,20
50,64,10
51,64,21
52,64,22
53,65,10
54,65,4
55,67,1
56,69,1
57,73,3
58,73,1
59,77,1
60,78,1
61,79,4
62,79,2
63,80,23
64,80,14
65,80,24
66,80,25
67,81,6
68,81,1
69,83,23
70,83,4
71,83,17
72,83,26
73,83,1
74,88,23
75,95,1
76,102,26
77,105,23
78,105,14
79,109,10
80,109,12
81,109,3
82,109,4
83,109,17
84,109,5
85,109,27
86,111,1
87,113,28
88,113,10
89,113,12
90,113,29
91,113,30
92,113,31
93,113,32
94,113,33
95,113,4
96,113,6
97,113,8
98,113,25
99,113,34
100,113,7
101,113,1
102,113,35
103,113,36
104,113,37
105,113,20
106,114,1
107,115,10
108,115,12
109,115,4
110,115,7
111,115,1
112,116,26
113,118,26
114,119,4
115,120,9
116,124,4
117,125,4
118,125,25
119,126,5
120,129,23
121,129,4
122,129,25
123,129,20
124,129,19
125,130,6
126,131,38
127,131,23
128,131,4
129,131,19
130,132,4
131,134,3
132,134,1
133,135,1
134,138,4
135,139,1
136,143,12
137,143,39
138,143,40
139,143,4
140,143,41
141,143,14
142,143,25
143,146,10
144,146,3
145,146,6
146,146,1
147,146,2
148,147,1
149,147,2
150,147,9
151,152,23
152,153,1
153,158,4
154,158,42
155,160,1
156,161,5
157,161,1
158,162,5
159,164,4
160,167,9
161,169,1
162,171,10
163,171,23
164,171,20
165,171,19
166,174,9
167,175,1
168,177,1
169,179,23
170,180,43
171,180,44
172,180,45
173,180,17
174,180,46
175,180,47
176,180,26
177,181,8
178,181,1
179,187,5
180,192,48
181,193,1
182,194,10
183,194,49
184,194,4
185,194,14
186,194,50
187,194,51
188,194,52
189,194,20
190,194,53
191,196,4
192,199,1
193,200,1
194,201,10
195,201,11
196,201,54
197,201,55
198,201,1
199,201,2
200,202,1
201,204,5
202,211,4
203,212,56
204,212,23
205,214,10
206,214,3
207,214,4
208,214,5
209,214,1
210,214,2
211,214,57
212,214,20
213,214,58
214,215,10
215,215,3
216,215,11
217,215,54
218,215,1
219,225,10
220,225,3
221,225,4
222,225,1
223,231,1
224,235,1
225,235,2
226,240,5
227,240,1
228,240,2
229,245,5
230,246,3
231,246,1
232,253,23
233,257,9
234,258,12
235,258,3
236,258,59
237,258,60
238,258,23
239,258,4
240,258,25
241,258,19
242,259,23
243,259,20
244,261,4
245,266,10
246,266,61
247,266,62
248,266,30
249,266,63
250,266,32
251,266,64
252,266,65
253,266,56
254,266,23
255,266,66
256,266,67
257,266,68
258,266,69
259,266,70
260,266,71
261,266,51
262,266,20
263,266,72
264,266,73
265,266,74
266,268,6
267,271,1
268,272,1
269,273,10
270,273,17
271,273,26
272,276,26
273,279,1
274,281,4
275,281,75
276,281,41
277,281,76
278,282,10
279,282,4
280,282,7
281,282,26
282,283,23
283,285,9
284,288,23
285,293,1
286,294,10
287,294,3
288,294,1
289,295,1
290,295,2
291,296,1
292,300,1
293,302,4
294,302,26
295,306,6
296,307,3
297,307,1
298,308,4
299,313,77
300,313,78
301,313,26
302,313,79
303,314,80
304,314,81
305,315,1
306,317,3
307,317,4
308,317,5
309,317,27
310,317,1
311,317,2
312,318,30
313,318,26
314,319,4
315,322,1
316,325,4
317,326,9
318,330,82
319,330,26
320,331,1
321,333,83
322,333,23
323,334,1
324,338,4
325,340,12
326,340,84
327,340,4
328,340,85
329,340,86
330,340,87
331,343,3
332,343,4
333,343,1
334,343,88
335,344,89
336,345,55
337,345,1
338,345,2
339,345,57
340,345,90
341,347,12
342,347,84
343,347,91
344,347,6
345,347,25
346,348,4
347,348,1
348,348,2
349,354,1
350,355,1
351,358,6
352,361,1
353,367,5
354,368,10
355,368,4
356,368,19
357,369,5
358,375,92
359,375,4
360,377,4
361,377,1
362,378,60
363,378,4
364,378,20
365,378,93
366,378,19
367,380,9
368,381,4
369,382,10
370,382,23
371,382,94
372,384,1
373,385,9
374,387,1
375,388,95
376,388,96
377,389,1
378,392,23
379,393,17
380,393,5
381,394,4
382,395,10
383,396,23
384,400,12
385,400,4
386,400,26
387,401,4
388,404,12
389,404,4
390,407,4
391,409,26
392,413,97
393,413,98
394,413,99
395,413,100
396,413,82
397,413,26
398,413,101
399,415,1
400,417,17
401,417,102
402,417,103
403,417,104
404,424,6
405,425,10
406,425,6
407,425,25
408,426,12
409,426,60
410,426,4
411,426,105
412,428,55
413,428,1
414,428,2
415,428,57
416,428,90
417,432,106
418,432,1
419,435,1
420,439,1
421,440,54
422,440,1
423,444,10
424,444,1
425,446,26
426,447,1
427,450,4
428,452,4
429,455,4
430,456,5
431,458,3
432,458,11
433,458,54
434,458,55
435,458,1
436,460,1
437,462,19
438,468,107
439,468,6
440,469,26
441,470,4
442,476,10
443,478,5
444,478,1
445,482,5
446,483,10
447,483,14
448,483,26
449,483,19
450,488,11
451,488,5
452,489,108
453,491,1
454,495,50
455,495,26
456,498,4
457,498,1
458,499,1
459,500,1
460,504,1
461,505,23
462,509,5
463,510,3
464,510,1
465,512,4
466,512,6
467,512,1
468,512,37
469,513,3
470,513,26
471,514,4
472,523,5
473,524,1
474,527,23
475,527,4
476,527,1
477,529,1
478,530,82
479,530,26
480,531,6
481,531,1
482,535,77
483,535,78
484,535,26
485,536,1
486,539,1
487,544,5
488,546,23
489,547,109
490,547,20
491,548,5
492,549,1
493,552,10
494,552,4
495,552,1
496,553,110
497,556,1
498,557,10
499,557,3
500,557,106
501,557,1
502,558,23
503,560,4
504,562,5
505,564,23
506,564,25
507,569,3
508,569,4
509,570,1
510,573,9
511,578,4
512,580,83
513,580,23
514,582,3
515,582,4
516,582,111
517,583,4
518,584,1
519,585,4
520,587,1
521,591,5
522,594,112
523,594,23
524,594,25
525,594,26
526,594,51
527,594,20
528,596,50
529,596,26
530,596,113
531,600,4
532,600,6
533,600,54
534,600,1
535,600,2
536,601,9
537,603,5
538,603,1
539,606,1
540,608,1
541,613,3
542,613,106
543,613,4
544,613,55
545,613,1
546,615,1
547,616,23
548,616,20
549,616,19
550,618,1
551,621,23
552,623,10
553,623,6
554,623,34
555,626,1
556,626,2
557,628,10
558,628,3
559,628,4
560,630,1
561,633,10
562,633,56
563,633,23
564,633,68
565,633,50
566,635,114
567,635,1
568,635,115
569,637,4
570,638,116
571,638,117
572,638,118
573,638,119
574,638,120
575,638,10
576,638,3
577,638,121
578,638,122
579,638,112
580,638,97
581,638,32
582,638,11
583,638,33
584,638,123
585,638,23
586,638,4
587,638,6
588,638,54
589,638,124
590,638,125
591,638,126
592,638,17
593,638,127
594,638,128
595,638,129
596,638,130
597,638,50
598,638,131
599,638,26
600,638,1
601,638,2
602,638,132
603,638,88
604,638,20
605,638,133
606,641,4
607,642,4
608,642,26
609,645,1
610,646,3
611,646,4
612,646,6
613,646,34
614,646,1
615,647,1
616,648,3
617,648,26
618,648,1
619,649,10
620,649,1
621,649,2
622,651,1
623,654,26
624,657,4
625,660,4
626,662,12
627,662,3
628,662,4
629,662,1
630,662,2
631,663,5
632,664,23
633,666,23
634,666,68
635,672,10
636,672,1
637,674,1
638,675,1
639,679,10
640,679,4
641,679,1
642,681,3
643,681,4
644,683,1
645,683,2
646,688,1
647,692,134
648,692,1
649,695,1
650,696,23
651,696,135
652,698,6
653,700,1
654,701,1
655,702,1
656,704,37
657,709,107
658,709,1
659,709,88
660,710,4
661,710,1
662,711,3
663,711,106
664,711,4
665,711,1
666,712,1
667,712,2
668,714,23
669,717,1
670,718,9
671,720,4
672,721,10
673,721,4
674,721,136
675,722,5
676,722,1
677,727,4
678,727,137
679,727,26
680,729,138
681,729,139
682,729,26
683,729,19
684,729,140
685,729,141
686,729,142
687,730,12
688,730,9
689,731,4
690,732,28
691,732,6
692,733,4
693,735,1
694,736,4
695,736,143
696,741,5
697,743,144
698,743,145
699,743,10
700,743,3
701,743,4
702,743,6
703,743,1
704,743,9
705,743,146
706,743,13
707,744,10
708,744,5
709,749,1
710,751,9
711,753,10
712,753,3
713,753,106
714,753,1
715,754,1
716,755,1
717,756,1
718,757,4
719,757,6
720,760,4
721,760,26
722,762,23
723,763,1
724,764,1
725,764,2
726,765,145
727,765,81
728,765,4
729,769,4
730,769,5
731,771,147
732,773,1
733,773,2
734,773,9
735,774,1
736,775,4
737,775,6
738,775,7
739,775,1
740,778,9
741,779,5
742,781,9
743,783,4
744,783,34
745,784,148
746,784,147
747,784,4
748,785,1
749,788,3
750,788,23
751,789,3
752,789,1
753,791,1
754,792,4
755,793,1
756,794,3
757,794,81
758,794,4
759,794,5
760,794,2
761,795,4
762,796,12
763,796,3
764,796,4
765,796,6
766,799,5
767,799,1
768,800,3
769,800,1
770,801,5
771,803,4
772,803,1
773,804,2
774,804,9
775,805,1
776,806,5
777,807,9
778,811,10
779,811,5
780,811,2
781,814,4
782,815,12
783,815,3
784,815,4
785,815,8
786,815,55
787,815,1
788,815,2
789,815,37
790,816,149
791,816,150
792,816,4
793,818,4
794,820,23
795,820,25
796,820,37
797,823,1
798,824,151
799,824,3
800,824,23
801,824,4
802,824,37
803,825,9
804,826,152
805,826,4
806,828,12
807,828,4
808,831,3
809,831,60
810,831,4
811,832,4
812,832,37
813,833,26
814,833,1
815,834,1
816,836,5
817,839,1
818,840,4
819,840,17
820,842,4
821,845,34
822,848,4
823,848,20
824,849,4
825,851,3
826,852,10
827,852,3
828,852,153
829,852,4
830,852,50
831,852,7
832,852,1
833,852,154
834,852,155
835,853,30
836,853,4
837,854,4
838,855,5
839,857,6
840,861,3
841,861,1
842,864,3
843,864,156
844,864,4
845,864,157
846,864,20
847,869,4
848,869,1
849,869,2
850,869,37
851,871,5
852,880,34
853,880,1
854,881,158
855,881,4
856,883,12
857,883,3
858,883,4
859,883,1
860,884,1
861,888,12
862,888,23
863,888,14
864,889,4
865,889,1
866,890,1
867,891,5
868,894,10
869,894,4
870,894,1
871,895,7
872,896,10
873,896,3
874,896,4
875,909,1
876,910,5
877,916,23
878,918,23
879,925,1
880,926,6
881,926,1
882,927,1
883,931,1
884,932,26
885,933,159
886,933,10
887,933,68
888,933,26
889,933,160
890,938,9
891,940,4
892,942,4
893,946,3
894,946,1
895,947,1
896,947,2
897,948,10
898,948,4
899,951,1
900,953,10
901,953,4
902,953,161
903,953,76
904,955,1
905,956,4
906,957,4
907,957,7
908,957,1
909,958,162
910,958,163
911,958,164
912,958,165
913,958,166
914,958,26
915,958,167
916,959,1
917,963,4
918,964,1
919,965,5
920,966,23
921,966,168
922,966,26
923,967,10
924,967,23
925,967,4
926,967,26
927,970,169
928,970,1
929,971,1
930,974,4
931,976,4
932,976,143
933,981,1
934,984,1
935,987,3
936,987,1
937,987,2
938,988,170
939,988,171
940,988,20
941,992,1
942,993,23
943,994,5
944,995,9
945,998,9
946,999,1
947,1002,172
948,1002,173
949,1002,158
950,1002,10
951,1002,3
952,1002,4
953,1002,174
954,1004,34
955,1007,151
956,1007,175
957,1007,107
958,1007,10
959,1007,3
960,1007,21
961,1007,30
962,1007,106
963,1007,11
964,1007,23
965,1007,4
966,1007,50
967,1007,7
968,1007,1
969,1007,36
970,1007,20
971,1007,110
972,1007,155
973,1007,13
974,1010,5
975,1013,10
976,1013,3
977,1013,6
978,1013,1
979,1020,4
980,1020,37
981,1021,1
982,1023,17
983,1023,46
984,1023,26
985,1024,1
986,1025,4
987,1027,176
988,1027,5
989,1028,1
990,1030,1
991,1031,12
992,1031,3
993,1031,21
994,1031,4
995,1031,1
996,1037,1
997,1037,9
998,1039,4
999,1043,5
1000,1046,4
1001,1047,5
1002,1052,12
1003,1054,26
1004,1059,6
1005,1061,4
1006,1062,26
1007,1063,5
1008,1064,4
1009,1066,5
1010,1068,177
1011,1068,23
1012,1068,4
1013,1072,10
1014,1072,23
1015,1074,10
1016,1074,3
1017,1074,4
1018,1076,23
1019,1077,20
1020,1080,23
1021,1081,5
1022,1083,7
1023,1087,178
1024,1087,23
1025,1090,1
1026,1092,179
1027,1092,180
1028,1095,1
1029,1096,23
1030,1096,181
1031,1098,182
1032,1098,5
1033,1101,25
1034,1102,26
1035,1102,9
1036,1104,23
1037,1104,183
1038,1105,23
1039,1107,1
1040,1111,1
1041,1112,184
1042,1114,10
1043,1114,148
1044,1114,4
1045,1114,6
1046,1114,34
1047,1114,1
1048,1115,1
1049,1118,4
1050,1119,5
1051,1120,32
1052,1120,23
1053,1120,185
1054,1120,4
1055,1120,186
1056,1120,25
1057,1120,1
1058,1120,88
1059,1120,37
1060,1127,10
1061,1127,3
1062,1127,1
1063,1127,187
1064,1128,1
1065,1129,60
1066,1129,4
1067,1130,3
1068,1130,4
1069,1130,1
1070,1130,37
1071,1131,10
1072,1131,6
1073,1132,1
1074,1132,2
1075,1136,4
1076,1137,23
1077,1140,23
1078,1144,5
1079,1148,10
1080,1148,88
1081,1153,1
1082,1154,1
1083,1165,6
1084,1165,188
1085,1166,1
1086,1166,9
1087,1167,10
1088,1167,189
1089,1167,4
1090,1167,41
1091,1168,5
1092,1169,29
1093,1169,4
1094,1169,9
1095,1169,37
1096,1171,3
1097,1171,4
1098,1171,54
1099,1171,1
1100,1174,9
1101,1175,4
1102,1184,26
1103,1189,1
1104,1191,190
1105,1191,191
1106,1191,26
1107,1193,4
1108,1194,23
1109,1195,4
1110,1196,1
1111,1197,10
1112,1197,192
1113,1197,23
1114,1201,1
1115,1202,23
1116,1202,19
1117,1203,11
1118,1205,4
1119,1207,1
1120,1208,1
1121,1213,4
1122,1214,1
1123,1218,10
1124,1218,4
1125,1219,9
1126,1222,1
1127,1223,4
1128,1225,1
1129,1226,5
1130,1227,12
1131,1230,5
1132,1239,1
1133,1240,10
1134,1240,4
1135,1241,6
1136,1242,1
1137,1248,1
1138,1249,3
1139,1249,4
1140,1251,10
1141,1251,1
1142,1256,147
1143,1256,23
1144,1257,1
1145,1258,1
1146,1261,5
1147,1261,1
1148,1263,1
1149,1264,3
1150,1264,4
1151,1265,26
1152,1265,9
1153,1265,193
1154,1269,26
1155,1269,194
1156,1270,4
1157,1272,4
1158,1273,195
1159,1273,1
1160,1279,60
1161,1279,196
1162,1279,197
1163,1279,4
1164,1279,198
1165,1281,1
1166,1282,5
1167,1289,4
1168,1296,4
1169,1297,199
1170,1297,10
1171,1297,200
1172,1297,11
1173,1297,17
1174,1297,201
1175,1297,50
1176,1297,26
1177,1297,202
1178,1297,203
1179,1298,5
1180,1300,178
1181,1300,23
1182,1300,4
1183,1303,1
1184,1304,1
1185,1305,5
1186,1306,204
1187,1309,11
1188,1310,1
1189,1312,4
1190,1312,1
1191,1314,1
1192,1316,114
1193,1317,1
1194,1320,30
1195,1320,17
1196,1320,14
1197,1320,26
1198,1320,20
1199,1320,205
1200,1320,206
1201,1321,7
1202,1322,4
1203,1323,4
1204,1330,5
1205,1332,5
1206,1334,1
1207,1340,1
1208,1342,4
1209,1342,37
1210,1343,34
1211,1343,1
1212,1346,1
1213,1347,5
1214,1348,54
1215,1348,1
1216,1348,2
1217,1349,26
1218,1351,4
1219,1351,207
1220,1352,1
1221,1352,37
1222,1356,26
1223,1357,23
1224,1361,1
1225,1363,1
1226,1366,6
1227,1367,10
1228,1367,1
1229,1368,10
1230,1368,3
1231,1368,4
1232,1370,5
1233,1373,1
1234,1379,34
1235,1380,12
1236,1380,4
1237,1380,6
1238,1380,5
1239,1380,1
1240,1380,2
1241,1380,36
1242,1381,5
1243,1382,1
1244,1384,10
1245,1384,5
1246,1384,1
1247,1384,2
1248,1387,1
1249,1388,6
1250,1388,34
1251,1389,208
1252,1389,17
1253,1389,1
1254,1393,83
1255,1393,209
1256,1398,210
1257,1398,3
1258,1398,4
1259,1398,26
1260,1398,20
1261,1400,4
1262,1400,211
1263,1401,9
1264,1403,10
1265,1403,3
1266,1403,4
1267,1403,5
1268,1403,1
1269,1403,2
1270,1405,5
1271,1409,23
1272,1410,10
1273,1410,12
1274,1410,3
1275,1410,9
1276,1414,1
1277,1416,23
1278,1416,14
1279,1419,23
1280,1419,14
1281,1419,20
1282,1425,158
1283,1425,4
1284,1425,26
1285,1425,212
1286,1426,1
1287,1427,4
1288,1429,10
1289,1429,11
1290,1429,7
1291,1429,1
1292,1430,3
1293,1430,1
1294,1431,4
1295,1435,9
1296,1438,1
1297,1440,151
1298,1440,12
1299,1440,3
1300,1440,4
1301,1440,1
1302,1440,213
1303,1444,208
1304,1444,3
1305,1444,1
1306,1445,214
1307,1445,215
1308,1445,25
1309,1446,138
1310,1446,30
1311,1446,14
1312,1446,26
1313,1446,20
1314,1446,216
1315,1446,217
1316,1448,10
1317,1448,3
1318,1448,106
1319,1448,11
1320,1448,218
1321,1448,5
1322,1448,1
1323,1448,219
1324,1450,1
1325,1450,2
1326,1451,5
1327,1453,12
1328,1453,4
1329,1453,220
1330,1454,84
1331,1454,23
1332,1454,1
1333,1454,221
1334,1455,1
1335,1455,2
1336,1456,9
1337,1458,1
1338,1461,5
1339,1462,4
1340,1462,34
1341,1465,10
1342,1465,6
1343,1465,34
1344,1465,1
1345,1466,5
1346,1466,1
1347,1467,1
1348,1470,1
1349,1475,10
1350,1475,1
1351,1475,222
1352,1477,23
1353,1477,55
1354,1478,4
1355,1480,1
1356,1481,10
1357,1481,3
1358,1481,26
1359,1481,13
1360,1484,1
1361,1485,4
1362,1486,4
1363,1486,1
1364,1487,223
1365,1487,46
1366,1487,50
1367,1487,26
1368,1489,4
1369,1493,1
1370,1495,1
1371,1497,224
1372,1497,26
1373,1497,225
1374,1500,23
1375,1501,4
1376,1501,37
1377,1502,1
1378,1503,4
1379,1505,1
1380,1506,34
1381,1507,4
1382,1507,6
1383,1507,34
1384,1507,226
1385,1508,6
1386,1508,1
1387,1508,2
1388,1510,107
1389,1510,81
1390,1512,4
1391,1513,4
1392,1514,145
1393,1514,81
1394,1521,3
1395,1521,54
1396,1521,5
1397,1521,1
1398,1522,1
1399,1523,5
1400,1524,1
1401,1525,1
1402,1526,1
1403,1535,1
1404,1537,12
1405,1537,3
1406,1537,4
1407,1537,34
1408,1537,1
1409,1537,36
1410,1537,220
1411,1539,5
1412,1540,1
1413,1542,4
1414,1543,5
1415,1544,54
1416,1544,1
1417,1544,2
1418,1545,5
1419,1547,10
1420,1547,3
1421,1547,4
1422,1547,1
1423,1547,88
1424,1548,1
1425,1549,4
1426,1549,1
1427,1550,1
1428,1551,1
1429,1553,107
1430,1553,10
1431,1553,4
1432,1556,5
1433,1557,10
1434,1557,1
1435,1558,2
1436,1560,23
1437,1560,37
1438,1563,1
1439,1565,1
1440,1566,227
1441,1566,1
1442,1568,23
1443,1569,228
1444,1569,229
1445,1569,230
1446,1569,231
1447,1569,11
1448,1569,23
1449,1569,4
1450,1569,26
1451,1572,4
1452,1573,1
1453,1574,10
1454,1574,12
1455,1574,4
1456,1575,3
1457,1575,1
1458,1579,4
1459,1579,110
1460,1580,1
1461,1581,1
1462,1586,1
1463,1587,4
1464,1589,1
1465,1591,9
1466,1592,1
1467,1594,1
1468,1595,92
1469,1595,1
1470,1596,4
1471,1596,1
1472,1597,26
1473,1597,19
1474,1599,4
1475,1599,232
1476,1599,213
1477,1600,5
1478,1601,26
1479,1601,9
1480,1601,193
1481,1602,55
1482,1603,4
1483,1603,1
1484,1607,1
1485,1610,1
1486,1611,4
1487,1611,6
1488,1611,1
1489,1611,2
1490,1612,5
1491,1614,10
1492,1614,34
1493,1615,97
1494,1615,26
1495,1619,12
1496,1619,4
1497,1620,4
1498,1621,5
1499,1621,1
1500,1622,4
1501,1622,1
1502,1624,23
1503,1627,3
1504,1627,23
1505,1628,4
1506,1628,1
1507,1629,1
1508,1630,1
1509,1631,23
1510,1631,26
1511,1633,6
1512,1633,1
1513,1633,2
1514,1633,37
1515,1635,158
1516,1635,12
1517,1635,3
1518,1635,4
1519,1636,10
1520,1636,3
1521,1636,11
1522,1636,1
1523,1637,4
1524,1638,5
1525,1639,10
1526,1639,3
1527,1639,1
1528,1639,233
1529,1639,234
1530,1642,4
1531,1642,1
1532,1643,34
1533,1643,1
1534,1643,9
1535,1647,1
1536,1650,3
1537,1650,30
1538,1650,1
1539,1651,23
1540,1653,4
1541,1653,1
1542,1654,5
1543,1657,23
1544,1657,14
1545,1658,6
1546,1658,1
1547,1659,4
1548,1664,10
1549,1664,235
1550,1664,1
1551,1667,4
1552,1667,34
1553,1667,1
1554,1668,11
1555,1669,5
1556,1670,82
1557,1670,26
1558,1671,4
1559,1671,5
1560,1671,1
1561,1676,28
1562,1676,4
1563,1678,1
1564,1678,9
1565,1680,5
1566,1681,3
1567,1681,1
1568,1684,1
1569,1685,4
1570,1686,10
1571,1686,1
1572,1688,10
1573,1688,3
1574,1688,153
1575,1688,4
1576,1688,50
1577,1688,7
1578,1688,1
1579,1688,154
1580,1688,155
1581,1688,236
1582,1690,97
1583,1690,237
1584,1690,26
1585,1691,10
1586,1691,3
1587,1691,7
1588,1694,10
1589,1694,106
1590,1694,1
1591,1696,9
1592,1698,10
1593,1698,12
1594,1698,3
1595,1698,11
1596,1698,238
1597,1698,4
1598,1698,6
1599,1698,54
1600,1698,8
1601,1698,5
1602,1698,27
1603,1698,1
1604,1698,2
1605,1698,37
1606,1698,239
1607,1700,1
1608,1702,4
1609,1704,1
1610,1706,26
1611,1707,26
1612,1710,5
1613,1712,1
1614,1714,4
1615,1716,5
1616,1717,240
1617,1717,6
1618,1717,34
1619,1717,1
1620,1717,9
1621,1718,3
1622,1718,106
1623,1718,1
1624,1718,36
1625,1719,1
1626,1722,1
1627,1725,1
1628,1726,1
1629,1728,5
1630,1731,19
1631,1736,1
1632,1737,1
1633,1737,2
1634,1738,11
1635,1740,5
1636,1741,1
1637,1741,9
1638,1743,241
1639,1743,242
1640,1743,162
1641,1743,243
1642,1743,180
1643,1743,244
1644,1743,245
1645,1743,26
1646,1743,246
1647,1743,247
1648,1748,3
1649,1750,248
1650,1750,4
1651,1752,4
1652,1752,1
1653,1753,6
1654,1753,34
1655,1755,169
1656,1755,1
1657,1756,1
1658,1757,1
1659,1759,5
1660,1760,1
1661,1760,2
1662,1761,6
1663,1761,34
1664,1762,178
1665,1762,147
1666,1762,23
1667,1765,60
1668,1765,4
1669,1765,249
1670,1765,105
1671,1766,4
1672,1767,1
1673,1768,1
1674,1770,1
1675,1772,5
1676,1773,5
1677,1774,10
1678,1774,1
1679,1774,2
1680,1775,5
1681,1776,4
1682,1777,228
1683,1777,145
1684,1777,3
1685,1777,250
1686,1777,6
1687,1777,34
1688,1777,2
1689,1777,13
1690,1779,30
1691,1779,4
1692,1780,3
1693,1780,6
1694,1782,1
1695,1785,5
1696,1785,1
1697,1786,251
1698,1786,23
1699,1786,252
1700,1787,1
1701,1789,5
1702,1790,4
1703,1790,1
1704,1791,1
1705,1793,253
1706,1793,1
1707,1795,23
1708,1796,23
1709,1803,1
1710,1803,2
1711,1806,1
1712,1807,10
1713,1807,12
1714,1807,33
1715,1807,4
1716,1807,6
1717,1807,34
1718,1807,1
1719,1807,36
1720,1807,9
1721,1810,9
1722,1813,254
1723,1813,1
1724,1813,255
1725,1813,256
1726,1816,4
1727,1820,5
1728,1821,127
1729,1821,26
1730,1822,1
1731,1823,1
1732,1824,1
1733,1827,5
1734,1828,10
1735,1828,4
1736,1829,1
1737,1830,3
1738,1830,23
1739,1830,4
1740,1830,37
1741,1832,23
1742,1833,1
1743,1834,12
1744,1834,4
1745,1834,17
1746,1834,26
1747,1834,13
1748,1835,5
1749,1835,1
1750,1835,2
1751,1838,5
1752,1839,257
1753,1841,10
1754,1841,3
1755,1841,4
1756,1841,1
1757,1842,4
1758,1842,13
1759,1843,5
1760,1843,1
1761,1843,2
1762,1845,10
1763,1845,3
1764,1845,106
1765,1845,54
1766,1845,1
1767,1845,2
1768,1847,1
1769,1851,4
1770,1854,9
1771,1855,178
1772,1856,1
1773,1857,258
1774,1857,259
1775,1857,14
1776,1857,26
1777,1857,260
1778,1858,114
1779,1858,1
1780,1860,1
1781,1864,1
1782,1865,4
1783,1866,1
1784,1867,5
1785,1868,3
1786,1868,97
1787,1868,32
1788,1868,23
1789,1868,4
1790,1868,261
1791,1868,25
1792,1868,129
1793,1868,26
1794,1868,20
1795,1870,1
1796,1873,262
1797,1873,26
1798,1873,263
1799,1874,4
1800,1874,1
1801,1875,1
1802,1876,9
1803,1877,3
1804,1877,1
1805,1878,9
1806,1879,10
1807,1879,106
1808,1879,1
1809,1880,4
1810,1882,5
1811,1882,1
1812,1883,4
1813,1883,264
1814,1887,1
1815,1888,11
1816,1888,1
1817,1894,5
1818,1895,1
1819,1896,26
1820,1898,265
1821,1898,204
1822,1898,9
1823,1898,193
1824,1902,5
1825,1903,1
1826,1905,3
1827,1905,4
1828,1905,34
1829,1905,239
1830,1905,266
1831,1907,4
1832,1907,5
1833,1909,23
1834,1913,209
1835,1913,23
1836,1913,267
1837,1913,186
1838,1914,23
1839,1915,1
1840,1917,5
1841,1918,114
1842,1918,1
1843,1924,1
1844,1925,97
1845,1925,98
1846,1925,100
1847,1925,82
1848,1925,26
1849,1925,101
1850,1925,268
1851,1925,269
1852,1927,10
1853,1927,106
1854,1927,11
1855,1927,1
1856,1928,1
1857,1930,5
1858,1930,1
1859,1931,1
1860,1935,3
1861,1935,4
1862,1935,54
1863,1935,55
1864,1935,1
1865,1935,2
1866,1938,1
1867,1938,2
1868,1942,5
1869,1948,5
1870,1952,1
1871,1953,5
1872,1953,1
1873,1954,1
1874,1955,1
1875,1958,3
1876,1958,11
1877,1958,1
1878,1959,9
1879,1962,229
1880,1962,4
1881,1962,26
1882,1962,270
1883,1969,26
1884,1970,10
1885,1970,12
1886,1970,3
1887,1970,11
1888,1970,4
1889,1970,6
1890,1970,133
1891,1971,10
1892,1971,14
1893,1971,25
1894,1972,10
1895,1972,4
1896,1972,6
1897,1972,8
1898,1975,1
1899,1976,6
1900,1976,1
1901,1977,5
1902,1978,5
1903,1979,4
1904,1981,4
1905,1985,5
1906,1988,5
1907,1989,1
1908,1989,9
1909,1993,170
1910,1993,4
1911,1993,76
1912,1996,4
1913,1996,271
1914,1996,1
1915,1998,5
1916,1998,1
1917,1999,7
1918,2001,4
1919,2002,1
1920,2004,12
1921,2004,3
1922,2004,4
1923,2004,6
1924,2006,5
1925,2008,23
1926,2009,1
1927,2010,1
1928,2011,272
1929,2011,10
1930,2011,12
1931,2011,3
1932,2011,4
1933,2011,7
1934,2011,1
1935,2011,36
1936,2011,13
1937,2012,122
1938,2012,69
1939,2012,130
1940,2012,26
1941,2013,5
1942,2016,1
1943,2017,4
1944,2018,9
1945,2022,273
1946,2022,274
1947,2022,26
1948,2022,275
1949,2023,162
1950,2023,23
1951,2023,26
1952,2023,1
1953,2024,7
1954,2026,5
1955,2027,1
1956,2029,12
1957,2029,4
1958,2029,1
1959,2030,5
1960,2034,9
1961,2036,1
1962,2042,4
1963,2044,10
1964,2044,3
1965,2044,153
1966,2044,276
1967,2044,33
1968,2044,4
1969,2044,6
1970,2044,34
1971,2044,1
1972,2044,36
1973,2044,88
1974,2049,4
1975,2050,3
1976,2050,23
1977,2050,25
1978,2050,51
1979,2050,37
1980,2053,3
1981,2053,1
1982,2056,10
1983,2056,1
1984,2059,4
1985,2062,1
1986,2064,23
1987,2066,1
1988,2067,1
1989,2068,5
1990,2068,1
1991,2072,23
1992,2072,6
1993,2072,1
1994,2073,4
1995,2074,10
1996,2074,4
1997,2077,10
1998,2077,277
1999,2077,11
2000,2078,1
2001,2081,1
2002,2086,23
2003,2087,278
2004,2087,10
2005,2087,11
2006,2087,5
2007,2088,4
2008,2088,279
2009,2089,5
2010,2092,9
2011,2093,1
2012,2095,1
2013,2096,248
2014,2096,280
2015,2096,149
2016,2096,4
2017,2096,26
2018,2102,1
2019,2103,60
2020,2103,4
2021,2103,25
2022,2103,281
2023,2103,37
2024,2104,10
2025,2104,1
2026,2105,5
2027,2106,81
2028,2107,1
2029,2110,4
2030,2116,1
2031,2117,23
2032,2118,5
2033,2123,4
2034,2124,282
2035,2124,26
2036,2125,1
2037,2125,9
2038,2126,208
2039,2126,3
2040,2126,4
2041,2126,34
2042,2126,1
2043,2129,6
2044,2129,1
2045,2130,3
2046,2130,106
2047,2130,1
2048,2131,1
2049,2133,82
2050,2133,26
2051,2134,5
2052,2134,1
2053,2136,1
2054,2137,4
2055,2138,5
2056,2138,1
2057,2140,1
2058,2143,23
2059,2143,25
2060,2143,51
2061,2143,37
2062,2143,19
2063,2144,4
2064,2148,37
2065,2149,1
2066,2151,26
2067,2152,5
2068,2154,4
2069,2156,4
2070,2156,6
2071,2156,34
2072,2157,1
2073,2158,283
2074,2158,4
2075,2158,110
2076,2159,1
2077,2161,6
2078,2161,1
2079,2163,1
2080,2165,23
2081,2165,26
2082,2167,106
2083,2167,1
2084,2167,2
2085,2169,9
2086,2171,1
2087,2172,10
2088,2172,3
2089,2172,4
2090,2172,6
2091,2172,17
2092,2172,5
2093,2172,271
2094,2172,1
2095,2172,2
2096,2172,9
2097,2172,37
2098,2173,5
2099,2173,233
2100,2175,5
2101,2177,4
2102,2179,4
2103,2179,1
2104,2180,23
2105,2182,284
2106,2182,6
2107,2182,285
2108,2186,9
2109,2187,4
2110,2188,210
2111,2188,30
2112,2188,4
2113,2188,1
2114,2188,37
2115,2189,1
2116,2190,286
2117,2190,10
2118,2190,4
2119,2190,287
2120,2192,3
2121,2192,4
2122,2192,14
2123,2192,25
2124,2193,1
2125,2194,5
2126,2195,1
2127,2196,12
2128,2196,4
2129,2196,14
2130,2196,37
2131,2197,5
2132,2198,26
2133,2198,1
2134,2200,1
2135,2200,2
2136,2201,5
2137,2203,253
2138,2203,272
2139,2203,10
2140,2203,3
2141,2203,288
2142,2203,289
2143,2203,30
2144,2203,290
2145,2203,33
2146,2203,92
2147,2203,4
2148,2203,6
2149,2203,54
2150,2203,291
2151,2203,34
2152,2203,7
2153,2203,1
2154,2203,36
2155,2203,292
2156,2204,10
2157,2204,4
2158,2204,6
2159,2204,7
2160,2205,1
2161,2206,11
2162,2206,293
2163,2206,26
2164,2208,1
2165,2216,4
2166,2217,1
2167,2217,9
2168,2218,9
2169,2224,1
2170,2224,2
2171,2225,5
2172,2225,26
2173,2227,4
2174,2227,294
2175,2228,9
2176,2235,295
2177,2235,296
2178,2235,297
2179,2235,298
2180,2235,299
2181,2235,26
2182,2236,4
2183,2237,3
2184,2237,60
2185,2237,4
2186,2237,110
2187,2239,5
2188,2239,1
2189,2241,10
2190,2241,3
2191,2241,5
2192,2242,4
2193,2243,3
2194,2243,4
2195,2243,6
2196,2243,34
2197,2243,1
2198,2243,2
2199,2243,36
2200,2243,9
2201,2244,1
2202,2245,1
2203,2245,58
2204,2245,300
2205,2247,12
2206,2247,3
2207,2247,4
2208,2249,6
2209,2249,1
2210,2249,2
2211,2254,1
2212,2256,5
2213,2258,10
2214,2258,4
2215,2262,4
2216,2262,26
2217,2262,1
2218,2262,301
2219,2263,1
2220,2264,6
2221,2264,34
2222,2264,1
2223,2272,1
2224,2275,5
2225,2276,1
2226,2278,1
2227,2280,1
2228,2283,1
2229,2284,3
2230,2284,4
2231,2285,10
2232,2285,4
2233,2287,4
2234,2287,302
2235,2292,4
2236,2293,4
2237,2293,303
2238,2296,37
2239,2297,4
2240,2297,26
2241,2304,1
2242,2305,10
2243,2305,11
2244,2305,5
2245,2306,5
2246,2307,304
2247,2307,305
2248,2307,306
2249,2307,204
2250,2307,307
2251,2307,308
2252,2307,309
2253,2307,310
2254,2307,311
2255,2308,312
2256,2308,17
2257,2308,14
2258,2308,50
2259,2308,19
2260,2309,1
2261,2309,9
2262,2310,1
2263,2311,9
2264,2313,313
2265,2317,1
2266,2318,4
2267,2319,30
2268,2319,17
2269,2319,14
2270,2319,26
2271,2319,20
2272,2319,19
2273,2319,206
2274,2319,216
2275,2320,1
2276,2321,147
2277,2321,23
2278,2323,6
2279,2323,1
2280,2325,5
2281,2327,10
2282,2327,4
2283,2328,5
2284,2331,54
2285,2331,5
2286,2331,1
2287,2332,97
2288,2332,314
2289,2332,9
2290,2335,5
2291,2336,26
2292,2337,4
2293,2337,292
2294,2340,5
2295,2343,253
2296,2343,10
2297,2343,4
2298,2343,6
2299,2343,1
2300,2349,37
2301,2354,5
2302,2355,10
2303,2355,3
2304,2355,17
2305,2355,1
2306,2357,9
2307,2359,26
2308,2363,1
2309,2363,2
2310,2366,1
2311,2373,315
2312,2373,12
2313,2373,3
2314,2373,316
2315,2373,317
2316,2373,318
2317,2373,319
2318,2373,320
2319,2373,4
2320,2373,6
2321,2373,321
2322,2373,322
2323,2373,323
2324,2373,37
2325,2373,324
2326,2373,325
2327,2381,10
2328,2381,26
2329,2382,107
2330,2382,278
2331,2382,11
2332,2382,50
2333,2386,1
2334,2387,1
2335,2388,1
2336,2389,10
2337,2389,12
2338,2389,3
2339,2389,11
2340,2389,33
2341,2389,218
2342,2389,326
2343,2389,4
2344,2389,6
2345,2389,327
2346,2389,5
2347,2389,169
2348,2389,50
2349,2389,7
2350,2389,1
2351,2389,2
2352,2389,292
2353,2389,155
2354,2389,13
2355,2390,151
2356,2390,10
2357,2390,3
2358,2390,4
2359,2390,328
2360,2390,15
2361,2390,50
2362,2390,13
2363,2391,106
2364,2391,1
2365,2392,4
2366,2393,329
2367,2393,1
2368,2394,330
2369,2394,4
2370,2394,331
2371,2395,332
2372,2395,4
2373,2396,4
2374,2396,1
2375,2397,1
2376,2398,5
2377,2398,13
2378,2399,1
2379,2400,1
2380,2406,1
2381,2408,1
2382,2409,81
2383,2409,333
2384,2409,204
2385,2409,96
2386,2409,334
2387,2410,4
2388,2410,167
2389,2413,5
2390,2414,1
2391,2415,1
2392,2416,6
2393,2416,1
2394,2423,23
2395,2424,5
2396,2425,1
2397,2426,5
2398,2427,5
2399,2428,1
2400,2430,9
2401,2431,3
2402,2431,4
2403,2432,10
2404,2432,4
2405,2432,1
2406,2432,2
2407,2433,5
2408,2435,335
2409,2436,1
2410,2437,10
2411,2437,3
2412,2437,1
2413,2439,14
2414,2439,1
2415,2439,37
2416,2440,34
2417,2443,1
2418,2444,23
2419,2445,26
2420,2448,1
2421,2449,4
2422,2450,3
2423,2450,1
2424,2453,1
2425,2456,4
2426,2457,1
2427,2459,1
2428,2461,1
2429,2463,5
2430,2465,4
2431,2465,34
2432,2466,1
2433,2467,1
2434,2471,1
2435,2473,4
2436,2473,1
2437,2473,9
2438,2477,1
2439,2478,6
2440,2478,133
2441,2479,3
2442,2479,1
2443,2483,4
2444,2483,34
2445,2484,28
2446,2484,10
2447,2484,12
2448,2484,336
2449,2484,30
2450,2484,31
2451,2484,32
2452,2484,4
2453,2484,6
2454,2484,8
2455,2484,25
2456,2484,34
2457,2484,7
2458,2484,1
2459,2484,337
2460,2484,36
2461,2484,20
2462,2486,4
2463,2486,26
2464,2488,4
2465,2489,4
2466,2490,10
2467,2490,3
2468,2490,4
2469,2491,26
2470,2495,1
2471,2496,4
2472,2499,3
2473,2499,1
2474,2500,5
2475,2501,10
2476,2501,3
2477,2501,4
2478,2501,26
2479,2501,9
2480,2503,1
2481,2504,4
2482,2505,1
2483,2506,170
2484,2506,10
2485,2506,12
2486,2506,55
2487,2506,1
2488,2510,1
2489,2513,55
2490,2515,1
2491,2516,338
2492,2518,1
2493,2519,55
2494,2519,1
2495,2519,2
2496,2520,1
2497,2521,106
2498,2521,1
2499,2522,3
2500,2522,1
2501,2523,1
2502,2524,5
2503,2530,1
2504,2534,5
2505,2534,1
2506,2538,88
2507,2539,339
2508,2542,1
2509,2544,10
2510,2544,17
2511,2545,4
2512,2545,6
2513,2545,1
2514,2546,6
2515,2549,9
2516,2550,1
2517,2551,1
2518,2553,1
2519,2556,1
2520,2557,1
2521,2558,1
2522,2560,9
2523,2562,1
2524,2564,5
2525,2565,1
2526,2566,1
2527,2567,12
2528,2567,4
2529,2567,25
2530,2567,110
2531,2569,158
2532,2569,4
2533,2571,1
2534,2573,327
2535,2573,5
2536,2576,10
2537,2576,3
2538,2576,4
2539,2576,1
2540,2577,4
2541,2578,1
2542,2579,340
2543,2579,81
2544,2581,1
2545,2582,1
2546,2582,2
2547,2583,1
2548,2584,1
2549,2585,26
2550,2586,3
2551,2586,1
2552,2589,5
2553,2593,10
2554,2593,3
2555,2593,4
2556,2593,1
2557,2595,4
2558,2596,10
2559,2596,1
2560,2597,1
2561,2598,12
2562,2598,37
2563,2601,1
2564,2601,2
2565,2602,26
2566,2606,1
2567,2607,1
2568,2610,5
2569,2611,1
2570,2611,2
2571,2612,1
2572,2613,1
2573,2614,10
2574,2614,3
2575,2615,4
2576,2617,4
2577,2619,5
2578,2621,9
2579,2622,1
2580,2623,5
2581,2623,266
2582,2624,1
2583,2626,1
2584,2628,10
2585,2628,5
2586,2629,1
2587,2631,1
2588,2640,5
2589,2641,1
2590,2645,1
2591,2646,4
2592,2648,3
2593,2649,107
2594,2649,10
2595,2649,341
2596,2649,1
2597,2652,4
2598,2654,1
2599,2655,162
2600,2655,26
2601,2656,1
2602,2659,1
2603,2660,1
2604,2662,10
2605,2662,4
2606,2663,1
2607,2666,107
2608,2666,10
2609,2666,4
2610,2667,342
2611,2667,26
2612,2667,343
2613,2668,1
2614,2669,204
2615,2669,26
2616,2670,145
2617,2670,10
2618,2670,34
2619,2670,1
2620,2671,4
2621,2673,1
2622,2674,4
2623,2674,1
2624,2674,9
2625,2675,5
2626,2677,1
2627,2677,2
2628,2678,10
2629,2678,26
2630,2678,1
2631,2679,23
2632,2680,6
2633,2681,4
2634,2681,314
2635,2681,9
2636,2683,3
2637,2683,1
2638,2683,88
2639,2683,37
2640,2684,1
2641,2685,5
2642,2686,10
2643,2686,23
2644,2688,6
2645,2688,34
2646,2689,1
2647,2690,1
2648,2691,1
2649,2692,178
2650,2692,23
2651,2692,20
2652,2693,9
2653,2695,1
2654,2697,10
2655,2697,4
2656,2697,344
2657,2697,345
2658,2697,20
2659,2697,346
2660,2700,6
2661,2704,1
2662,2705,151
2663,2705,10
2664,2705,97
2665,2705,11
2666,2705,347
2667,2705,348
2668,2705,26
2669,2705,349
2670,2705,350
2671,2705,351
2672,2705,9
2673,2705,352
2674,2706,10
2675,2706,3
2676,2706,26
2677,2708,1
2678,2709,1
2679,2713,26
2680,2714,1
2681,2715,1
2682,2716,1
2683,2717,162
2684,2717,353
2685,2717,354
2686,2719,10
2687,2719,12
2688,2719,21
2689,2719,84
2690,2719,4
2691,2719,6
2692,2719,17
2693,2719,26
2694,2719,110
2695,2719,355
2696,2720,1
2697,2721,4
2698,2722,26
2699,2723,229
2700,2723,356
2701,2723,4
2702,2723,204
2703,2723,96
2704,2723,9
2705,2724,1
2706,2726,1
2707,2729,37
2708,2731,1
2709,2733,1
2710,2737,55
2711,2737,27
2712,2737,1
2713,2737,2
2714,2738,1
2715,2738,2
2716,2739,3
2717,2739,1
2718,2741,5
2719,2745,9
2720,2746,26
2721,2749,1
2722,2749,2
2723,2749,57
2724,2750,4
2725,2750,1
2726,2752,11
2727,2752,357
2728,2752,1
2729,2753,5
2730,2754,5
2731,2755,5
2732,2756,5
2733,2756,358
2734,2757,359
2735,2757,10
2736,2757,32
2737,2757,37
2738,2759,5
2739,2763,83
2740,2763,23
2741,2763,6
2742,2763,360
2743,2765,5
2744,2766,4
2745,2770,12
2746,2770,4
2747,2772,10
2748,2772,3
2749,2772,4
2750,2772,88
2751,2773,4
2752,2777,5
2753,2778,158
2754,2778,361
2755,2778,362
2756,2778,4
2757,2780,5
2758,2780,1
2759,2780,2
2760,2782,3
2761,2782,1
2762,2782,2
2763,2784,153
2764,2784,5
2765,2784,34
2766,2784,13
2767,2789,1
2768,2806,5
2769,2808,17
2770,2810,26
2771,2812,1
2772,2813,6
2773,2813,34
2774,2818,6
2775,2819,23
2776,2821,1
2777,2823,4
2778,2824,363
2779,2824,364
2780,2824,365
2781,2824,366
2782,2824,367
2783,2824,47
2784,2824,368
2785,2824,26
2786,2824,369
2787,2824,370
2788,2824,371
2789,2827,6
2790,2827,1
2791,2827,270
2792,2828,10
2793,2828,3
2794,2828,4
2795,2828,1
2796,2829,17
2797,2829,26
2798,2836,372
2799,2836,55
2800,2836,27
2801,2836,1
2802,2836,2
2803,2836,239
2804,2837,6
2805,2840,1
2806,2841,5
2807,2842,1
2808,2842,2
2809,2843,1
2810,2844,12
2811,2844,4
2812,2845,1
2813,2846,1
2814,2849,4
2815,2849,6
2816,2849,1
2817,2849,133
2818,2850,5
2819,2850,1
2820,2850,2
2821,2851,3
2822,2851,1
2823,2851,2
2824,2853,317
2825,2853,4
2826,2853,373
2827,2855,1
2828,2856,9
2829,2857,1
2830,2860,3
2831,2860,106
2832,2860,1
2833,2861,11
2834,2861,4
2835,2861,34
2836,2864,34
2837,2864,1
2838,2867,1
2839,2870,1
2840,2870,2
2841,2871,1
2842,2873,5
2843,2875,10
2844,2875,3
2845,2875,11
2846,2875,6
2847,2875,54
2848,2875,1
2849,2875,2
2850,2877,4
2851,2878,12
2852,2878,1
2853,2879,1
2854,2880,158
2855,2880,4
2856,2880,37
2857,2881,374
2858,2881,159
2859,2881,375
2860,2881,376
2861,2881,95
2862,2881,377
2863,2886,4
2864,2888,1
2865,2892,1
2866,2894,1
2867,2894,2
2868,2895,1
2869,2898,378
2870,2898,208
2871,2898,10
2872,2898,3
2873,2898,5
2874,2898,27
2875,2898,7
2876,2898,1
2877,2898,379
2878,2900,9
2879,2901,1
2880,2903,10
2881,2903,12
2882,2903,3
2883,2903,11
2884,2903,4
2885,2903,7
2886,2903,1
2887,2903,36
2888,2904,1
2889,2904,2
2890,2904,380
2891,2905,1
2892,2906,5
2893,2907,1
2894,2908,1
2895,2910,1
2896,2912,1
2897,2914,5
2898,2918,4
2899,2918,6
2900,2918,34
2901,2918,9
2902,2919,1
2903,2920,9
2904,2922,54
2905,2922,1
2906,2922,2
2907,2922,9
2908,2922,37
2909,2922,381
2910,2923,12
2911,2923,4
2912,2923,1
2913,2925,4
2914,2926,4
2915,2928,1
2916,2931,4
2917,2931,382
2918,2933,145
2919,2933,11
2920,2936,4
2921,2937,5
2922,2938,5
2923,2941,1
2924,2942,1
2925,2944,107
2926,2944,3
2927,2944,21
2928,2944,11
2929,2944,4
2930,2944,6
2931,2944,1
2932,2945,12
2933,2945,1
2934,2946,1
2935,2950,204
2936,2950,103
2937,2951,5
2938,2953,5
2939,2954,2
2940,2958,1
2941,2960,10
2942,2960,3
2943,2960,4
2944,2961,26
2945,2962,54
2946,2962,1
2947,2963,4
2948,2964,210
2949,2964,10
2950,2964,30
2951,2964,4
2952,2966,4
2953,2967,107
2954,2967,10
2955,2967,3
2956,2967,6
2957,2969,1
2958,2971,4
2959,2972,1
2960,2975,23
2961,2976,1
2962,2976,9
2963,2978,4
2964,2979,10
2965,2979,3
2966,2979,1
2967,2980,4
2968,2981,4
2969,2981,1
2970,2982,145
2971,2982,81
2972,2988,4
2973,2990,1
2974,2991,4
2975,2993,1
2976,2994,5
2977,2994,26
2978,2994,13
2979,2996,3
2980,2996,1
2981,2997,10
2982,2997,1
2983,2997,2
2984,2999,4
2985,2999,124
2986,3001,3
2987,3001,4
2988,3001,204
2989,3002,4
2990,3002,9
2991,3003,4
2992,3006,4
2993,3011,4
2994,3015,5
2995,3016,5
2996,3017,5
2997,3019,10
2998,3019,6
2999,3019,1
3000,3019,9
3001,3021,3
3002,3021,1
3003,3022,5
3004,3025,23
3005,3025,6
3006,3029,1
3007,3030,11
3008,3032,12
3009,3032,3
3010,3032,4
3011,3032,6
3012,3033,5
3013,3036,9
3014,3037,61
3015,3037,383
3016,3037,23
3017,3037,14
3018,3037,51
3019,3038,26
3020,3039,266
3021,3042,1
3022,3044,1
3023,3046,1
3024,3047,1
3025,3050,5
3026,3052,5
3027,3057,1
3028,3058,4
3029,3059,218
3030,3059,1
3031,3060,26
3032,3062,5
3033,3064,1
3034,3066,4
3035,3068,1
3036,3070,1
3037,3071,4
3038,3073,34
3039,3074,5
3040,3075,4
3041,3077,4
3042,3079,1
3043,3080,1
3044,3080,9
3045,3083,6
3046,3084,5
3047,3085,12
3048,3085,60
3049,3085,4
3050,3086,37
3051,3090,1
3052,3091,315
3053,3091,139
3054,3091,23
3055,3091,384
3056,3091,17
3057,3091,68
3058,3091,15
3059,3091,385
3060,3091,50
3061,3091,26
3062,3091,20
3063,3091,19
3064,3093,5
3065,3093,1
3066,3094,26
3067,3095,26
3068,3097,4
3069,3097,1
3070,3098,5
3071,3099,23
3072,3099,14
3073,3100,4
3074,3100,7
3075,3101,1
3076,3102,4
3077,3102,6
3078,3103,10
3079,3103,3
3080,3103,4
3081,3103,55
3082,3103,7
3083,3103,1
3084,3103,88
3085,3105,23
3086,3105,4
3087,3109,4
3088,3110,26
3089,3112,6
3090,3113,4
3091,3114,107
3092,3114,10
3093,3114,12
3094,3114,3
3095,3114,60
3096,3114,11
3097,3114,23
3098,3114,4
3099,3114,17
3100,3114,15
3101,3114,7
3102,3114,386
3103,3114,110
3104,3114,13
3105,3117,4
3106,3117,1
3107,3117,36
3108,3120,5
3109,3122,1
3110,3123,9
3111,3124,387
3112,3126,10
3113,3126,3
3114,3126,4
3115,3127,276
3116,3127,23
3117,3128,1
3118,3129,5
3119,3130,3
3120,3132,1
3121,3133,1
3122,3134,1
3123,3136,4
3124,3137,33
3125,3137,4
3126,3137,388
3127,3137,167
3128,3137,389
3129,3138,1
3130,3139,4
3131,3139,1
3132,3140,1
3133,3141,5
3134,3143,5
3135,3145,1
3136,3145,390
3137,3147,1
3138,3148,1
3139,3150,1
3140,3154,208
3141,3154,10
3142,3154,3
3143,3154,21
3144,3154,4
3145,3154,34
3146,3154,7
3147,3154,1
3148,3154,58
3149,3154,155
3150,3154,13
3151,3157,26
3152,3159,4
3153,3159,204
3154,3162,23
3155,3165,1
3156,3166,5
3157,3168,9
3158,3168,391
3159,3172,1
3160,3173,5
3161,3175,1
3162,3176,246
3163,3179,5
3164,3180,4
3165,3183,392
3166,3183,4
3167,3183,9
3168,3184,4
3169,3185,1
3170,3191,1
3171,3191,2
3172,3192,1
3173,3193,9
3174,3197,6
3175,3197,1
3176,3198,7
3177,3199,88
3178,3200,1
3179,3201,10
3180,3201,3
3181,3201,5
3182,3203,9
3183,3206,81
3184,3206,204
3185,3207,1
3186,3208,10
3187,3208,3
3188,3208,4
3189,3209,4
3190,3212,106
3191,3212,1
3192,3217,178
3193,3219,9
3194,3220,10
3195,3220,11
3196,3220,1
3197,3220,2
3198,3220,36
3199,3221,10
3200,3221,5
3201,3222,5
3202,3223,1
3203,3229,5
3204,3230,9
3205,3233,227
3206,3233,1
3207,3234,4
3208,3234,1
3209,3235,1
3210,3240,158
3211,3240,4
3212,3241,1
3213,3242,10
3214,3242,169
3215,3242,1
3216,3244,23
3217,3246,26
3218,3246,9
3219,3248,12
3220,3248,1
3221,3249,393
3222,3249,4
3223,3250,278
3224,3250,50
3225,3250,1
3226,3252,23
3227,3252,4
3228,3257,4
3229,3259,1
3230,3260,5
3231,3262,10
3232,3262,11
3233,3262,4
3234,3264,1
3235,3266,1
3236,3269,253
3237,3269,10
3238,3269,3
3239,3269,394
3240,3269,92
3241,3269,4
3242,3269,6
3243,3269,124
3244,3269,395
3245,3269,1
3246,3269,36
3247,3269,110
3248,3272,23
3249,3273,1
3250,3274,396
3251,3274,397
3252,3274,398
3253,3274,130
3254,3274,399
3255,3274,26
3256,3277,1
3257,3278,4
3258,3278,1
3259,3281,1
3260,3282,4
3261,3283,1
3262,3285,5
3263,3286,10
3264,3286,11
3265,3286,1
3266,3288,1
3267,3290,4
3268,3292,400
3269,3292,5
3270,3293,4
3271,3295,1
3272,3296,4
3273,3297,3
3274,3297,5
3275,3298,10
3276,3298,3
3277,3298,1
3278,3299,1
3279,3300,92
3280,3300,4
3281,3300,26
3282,3302,1
3283,3303,4
3284,3303,1
3285,3311,1
3286,3312,6
3287,3312,34
3288,3314,10
3289,3315,26
3290,3316,106
3291,3316,4
3292,3316,1
3293,3318,5
3294,3321,55
3295,3322,5
3296,3323,1
3297,3325,4
3298,3326,391
3299,3331,6
3300,3331,34
3301,3333,1
3302,3334,5
3303,3335,1
3304,3336,83
3305,3336,23
3306,3337,1
3307,3338,5
3308,3339,1
3309,3342,1
3310,3343,1
3311,3344,26
3312,3346,4
3313,3349,1
3314,3350,1
3315,3351,4
3316,3352,1
3317,3352,9
3318,3353,1
3319,3354,4
3320,3356,1
3321,3357,34
3322,3357,1
3323,3358,3
3324,3358,29
3325,3358,4
3326,3358,6
3327,3358,17
3328,3358,34
3329,3358,1
3330,3358,36
3331,3360,5
3332,3361,37
3333,3362,4
3334,3362,2
3335,3365,5
3336,3365,2
3337,3367,10
3338,3367,3
3339,3367,4
3340,3368,84
3341,3368,23
3342,3368,401
3343,3368,402
3344,3368,403
3345,3368,26
3346,3368,221
3347,3368,404
3348,3368,405
3349,3368,406
3350,3368,234
3351,3369,240
3352,3371,5
3353,3371,1
3354,3372,9
3355,3373,4
3356,3377,5
3357,3378,1
3358,3379,26
3359,3380,1
3360,3383,10
3361,3383,4
3362,3386,1
3363,3387,4
3364,3387,6
3365,3388,208
3366,3388,6
3367,3388,1
3368,3389,1
3369,3394,1
3370,3394,2
3371,3396,1
3372,3399,23
3373,3400,1
3374,3401,10
3375,3401,1
3376,3401,2
3377,3402,1
3378,3404,4
3379,3404,1
3380,3405,23
3381,3406,17
3382,3406,26
3383,3407,1
3384,3409,5
3385,3411,1
3386,3414,34
3387,3415,4
3388,3416,1
3389,3417,3
3390,3417,4
3391,3417,1
3392,3422,5
3393,3423,6
3394,3423,34
3395,3423,7
3396,3424,1
3397,3427,4
3398,3428,5
3399,3431,208
3400,3431,407
3401,3431,4
3402,3431,55
3403,3431,1
3404,3432,10
3405,3432,81
3406,3432,204
3407,3433,9
3408,3435,408
3409,3435,409
3410,3435,410
3411,3435,10
3412,3435,3
3413,3435,411
3414,3435,11
3415,3435,4
3416,3435,412
3417,3435,15
3418,3435,50
3419,3435,1
3420,3435,9
3421,3435,213
3422,3435,13
3423,3436,10
3424,3436,4
3425,3436,1
3426,3437,1
3427,3438,6
3428,3438,36
3429,3439,5
3430,3442,12
3431,3442,4
3432,3442,1
3433,3443,9
3434,3444,1
3435,3448,4
3436,3448,34
3437,3450,3
3438,3450,413
3439,3450,8
3440,3450,1
3441,3453,1
3442,3457,5
3443,3458,414
3444,3458,1
3445,3459,1
3446,3460,4
3447,3461,1
3448,3463,1
3449,3465,1
3450,3472,1
3451,3473,23
3452,3473,14
3453,3474,10
3454,3474,12
3455,3474,3
3456,3474,4
3457,3474,34
3458,3474,7
3459,3474,1
3460,3480,12
3461,3480,3
3462,3480,4
3463,3480,124
3464,3480,34
3465,3480,1
3466,3480,2
3467,3480,37
3468,3481,3
3469,3481,4
3470,3481,1
3471,3481,36
3472,3484,1
3473,3485,1
3474,3486,1
3475,3488,1
3476,3489,1
3477,3490,158
3478,3490,4
3479,3492,5
3480,3492,1
3481,3494,10
3482,3494,106
3483,3494,54
3484,3494,5
3485,3494,1
3486,3495,6
3487,3495,1
3488,3496,1
3489,3497,1
3490,3498,12
3491,3498,6
3492,3498,34
3493,3500,278
3494,3500,10
3495,3500,3
3496,3500,4
3497,3500,50
3498,3500,7
3499,3500,415
3500,3500,1
3501,3500,9
3502,3500,155
3503,3500,416
3504,3500,417
3505,3500,418
3506,3501,33
3507,3501,1
3508,3502,1
3509,3503,5
3510,3504,6
3511,3504,34
3512,3504,9
3513,3505,1
3514,3507,10
3515,3507,3
3516,3507,4
3517,3507,127
3518,3507,26
3519,3507,155
3520,3508,1
3521,3508,9
3522,3511,1
3523,3512,10
3524,3512,3
3525,3514,1
3526,3515,4
3527,3517,419
3528,3517,26
3529,3519,10
3530,3519,3
3531,3519,1
3532,3520,9
3533,3521,1
3534,3523,1
3535,3526,1
3536,3527,420
3537,3527,9
3538,3529,4
3539,3534,1
3540,3538,5
3541,3540,1
3542,3541,1
3543,3542,37
3544,3545,1
3545,3548,5
3546,3549,4
3547,3549,5
3548,3550,1
3549,3551,5
3550,3552,1
3551,3553,1
3552,3555,1
3553,3557,1
3554,3558,1
3555,3558,9
3556,3559,4
3557,3559,1
3558,3560,4
3559,3561,9
3560,3564,4
3561,3566,6
3562,3566,1
3563,3568,1
3564,3572,1
3565,3574,5
3566,3575,5
3567,3577,5
3568,3580,421
3569,3580,422
3570,3580,6
3571,3580,34
3572,3582,5
3573,3582,1
3574,3585,423
3575,3585,26
3576,3586,1
3577,3587,9
3578,3588,1
3579,3591,170
3580,3591,145
3581,3591,81
3582,3591,204
3583,3593,1
3584,3594,5
3585,3595,5
3586,3596,10
3587,3596,11
3588,3596,1
3589,3597,151
3590,3597,10
3591,3597,21
3592,3597,11
3593,3597,50
3594,3599,6
3595,3599,34
3596,3600,5
3597,3600,1
3598,3603,5
3599,3605,162
3600,3605,424
3601,3605,26
3602,3605,1
3603,3606,1
3604,3607,1
3605,3607,2
3606,3607,380
3607,3608,5
3608,3613,4
3609,3613,1
3610,3616,1
3611,3619,1
3612,3622,1
3613,3623,4
3614,3623,425
3615,3624,4
3616,3625,1
3617,3626,1
3618,3627,11
3619,3627,1
3620,3630,1
3621,3631,1
3622,3632,26
3623,3634,1
3624,3639,6
3625,3639,1
3626,3640,6
3627,3640,2
3628,3641,1
3629,3642,5
3630,3645,12
3631,3645,4
3632,3645,6
3633,3645,34
3634,3645,7
3635,3645,1
3636,3647,178
3637,3647,147
3638,3647,23
3639,3647,25
3640,3650,420
3641,3653,3
3642,3653,4
3643,3653,17
3644,3653,50
3645,3653,1
3646,3653,155
3647,3655,1
3648,3659,1
3649,3663,1
3650,3664,1
3651,3665,23
3652,3666,5
3653,3666,1
3654,3668,1
3655,3671,4
3656,3673,12
3657,3673,1
3658,3674,55
3659,3674,1
3660,3676,10
3661,3676,3
3662,3676,4
3663,3676,6
3664,3676,54
3665,3676,5
3666,3676,1
3667,3676,2
3668,3678,10
3669,3678,25
3670,3678,1
3671,3680,6
3672,3680,26
3673,3682,1
3674,3682,9
3675,3683,9
3676,3684,210
3677,3685,5
3678,3689,4
3679,3691,1
3680,3693,4
3681,3695,12
3682,3695,33
3683,3695,4
3684,3695,6
3685,3695,5
3686,3695,1
3687,3695,2
3688,3695,57
3689,3695,90
3690,3696,1
3691,3697,23
3692,3698,114
3693,3702,1
3694,3709,13
3695,3711,1
3696,3713,6
3697,3713,1
3698,3716,5
3699,3717,1
3700,3718,6
3701,3718,1
3702,3720,6
3703,3721,1
3704,3722,5
3705,3725,1
3706,3726,5
3707,3726,1
3708,3729,5
3709,3730,1
3710,3731,5
3711,3732,5
3712,3733,5
3713,3736,5
3714,3737,23
3715,3737,14
3716,3738,1
3717,3739,4
3718,3740,4
3719,3742,4
3720,3742,6
3721,3743,1
3722,3745,5
3723,3746,4
3724,3750,1
3725,3751,5
3726,3753,6
3727,3753,1
3728,3754,3
3729,3754,6
3730,3754,25
3731,3755,26
3732,3755,37
3733,3756,11
3734,3756,26
3735,3757,391
3736,3758,4
3737,3758,1
3738,3762,1
3739,3762,2
3740,3764,1
3741,3766,10
3742,3766,106
3743,3766,4
3744,3766,1
3745,3767,4
3746,3767,6
3747,3769,4
3748,3770,1
3749,3771,6
3750,3775,5
3751,3776,5
3752,3777,5
3753,3778,5
3754,3779,1
3755,3781,1
3756,3782,107
3757,3782,4
3758,3783,55
3759,3783,1
3760,3785,4
3761,3787,1
3762,3787,292
3763,3788,10
3764,3788,3
3765,3788,4
3766,3788,14
3767,3788,26
3768,3790,23
3769,3791,36
3770,3792,23
3771,3796,4
3772,3797,1
3773,3801,158
3774,3801,4
3775,3803,4
3776,3804,9
3777,3808,1
3778,3811,10
3779,3811,106
3780,3811,426
3781,3811,1
3782,3815,1
3783,3817,1
3784,3819,10
3785,3819,4
3786,3819,1
3787,3819,9
3788,3821,4
3789,3823,1
3790,3826,23
3791,3828,4
3792,3828,6
3793,3828,34
3794,3830,5
3795,3830,27
3796,3833,26
3797,3833,1
3798,3835,5
3799,3835,1
3800,3836,1
3801,3837,6
3802,3837,34
3803,3837,9
3804,3838,13
3805,3840,1
3806,3843,37
3807,3845,158
3808,3845,10
3809,3845,3
3810,3845,21
3811,3845,11
3812,3845,4
3813,3846,5
3814,3847,1
3815,3850,4
3816,3854,3
3817,3854,5
3818,3855,5
3819,3856,5
3820,3859,1
3821,3861,1
3822,3862,10
3823,3862,11
3824,3862,4
3825,3862,1
3826,3862,213
3827,3863,427
3828,3863,1
3829,3865,6
3830,3867,5
3831,3867,1
3832,3871,240
3833,3871,6
3834,3871,34
3835,3872,1
3836,3874,12
3837,3874,4
3838,3876,1
3839,3877,1
3840,3878,1
3841,3879,4
3842,3880,5
3843,3881,3
3844,3881,428
3845,3882,4
3846,3883,4
3847,3883,6
3848,3886,5
3849,3888,4
3850,3888,34
3851,3889,3
3852,3889,4
3853,3889,7
3854,3889,1
3855,3891,10
3856,3891,3
3857,3891,21
3858,3891,4
3859,3891,6
3860,3891,34
3861,3891,7
3862,3891,1
3863,3891,36
3864,3891,58
3865,3891,13
3866,3895,1
3867,3900,5
3868,3902,176
3869,3902,55
3870,3902,1
3871,3903,1
3872,3904,9
3873,3905,12
3874,3905,4
3875,3905,6
3876,3906,12
3877,3906,6
3878,3906,9
3879,3906,133
3880,3908,1
3881,3909,34
3882,3910,429
3883,3912,23
3884,3913,1
3885,3914,3
3886,3914,11
3887,3914,1
3888,3915,10
3889,3915,12
3890,3915,3
3891,3915,4
3892,3915,26
3893,3917,10
3894,3917,1
3895,3920,3
3896,3922,5
3897,3922,1
3898,3926,147
3899,3926,23
3900,3926,430
3901,3926,4
3902,3926,6
3903,3926,14
3904,3926,34
3905,3929,10
3906,3929,3
3907,3929,1
3908,3930,6
3909,3930,34
3910,3932,4
3911,3934,3
3912,3934,5
3913,3934,1
3914,3934,2
3915,3935,28
3916,3935,6
3917,3935,34
3918,3935,7
3919,3936,4
3920,3937,1
3921,3938,1
3922,3939,107
3923,3939,10
3924,3939,3
3925,3939,4
3926,3939,58
3927,3941,5
3928,3944,1
3929,3947,1
3930,3947,9
3931,3948,4
3932,3949,1
3933,3956,1
3934,3957,1
3935,3960,4
3936,3961,4
3937,3961,367
3938,3962,1
3939,3966,3
3940,3966,1
3941,3966,2
3942,3967,12
3943,3967,23
3944,3967,4
3945,3967,36
3946,3967,20
3947,3968,6
3948,3968,26
3949,3969,218
3950,3969,4
3951,3969,5
3952,3971,5
3953,3972,5
3954,3973,3
3955,3973,153
3956,3973,431
3957,3973,432
3958,3973,34
3959,3973,9
3960,3973,220
3961,3973,433
3962,3973,13
3963,3977,3
3964,3977,1
3965,3977,155
3966,3978,4
3967,3982,5
3968,3983,10
3969,3983,4
3970,3983,1
3971,3984,10
3972,3984,4
3973,3987,23
3974,3987,14
3975,3989,10
3976,3989,55
3977,3989,1
3978,3989,2
3979,3990,3
3980,3992,1
3981,3995,5
3982,3996,5
3983,3996,13
3984,4001,6
3985,4001,34
3986,4002,10
3987,4002,434
3988,4002,435
3989,4002,17
3990,4002,26
3991,4004,1
3992,4005,26
3993,4005,314
3994,4005,9
3995,4006,4
3996,4009,5
3997,4012,1
3998,4013,4
3999,4013,6
4000,4014,6
4001,4014,1
4002,4014,133
4003,4016,1
4004,4018,5
4005,4019,1
4006,4020,33
4007,4023,1
4008,4024,6
4009,4024,1
4010,4024,133
4011,4025,1
4012,4028,107
4013,4028,436
4014,4029,1
4015,4030,97
4016,4030,9
4017,4033,34
4018,4035,204
4019,4037,4
4020,4037,6
4021,4037,1
4022,4038,26
4023,4038,1
4024,4039,1
4025,4041,1
4026,4042,1
4027,4044,1
4028,4046,4
4029,4046,6
4030,4046,34
4031,4047,5
4032,4049,1
4033,4050,5
4034,4051,5
4035,4054,1
4036,4056,6
4037,4056,2
4038,4063,1
4039,4064,437
4040,4064,10
4041,4064,12
4042,4064,3
4043,4064,84
4044,4064,438
4045,4065,439
4046,4066,4
4047,4066,2
4048,4066,9
4049,4067,3
4050,4067,26
4051,4067,9
4052,4068,3
4053,4068,1
4054,4069,1
4055,4071,10
4056,4071,3
4057,4071,1
4058,4071,2
4059,4073,26
4060,4074,10
4061,4074,1
4062,4075,1
4063,4076,1
4064,4077,10
4065,4077,4
4066,4079,1
4067,4081,10
4068,4081,7
4069,4083,4
4070,4084,1
4071,4086,1
4072,4093,5
4073,4095,10
4074,4095,1
4075,4096,5
4076,4097,5
4077,4099,6
4078,4102,208
4079,4102,10
4080,4102,23
4081,4102,4
4082,4102,6
4083,4102,7
4084,4102,1
4085,4102,155
4086,4104,6
4087,4104,2
4088,4108,10
4089,4108,3
4090,4108,4
4091,4109,208
4092,4109,1
4093,4110,5
4094,4111,10
4095,4111,4
4096,4113,9
4097,4114,3
4098,4114,23
4099,4114,4
4100,4116,4
4101,4120,5
4102,4121,1
4103,4122,23
4104,4123,1
4105,4124,1
4106,4125,1
4107,4127,11
4108,4127,1
4109,4132,5
4110,4133,1
4111,4133,2
4112,4139,3
4113,4139,5
4114,4139,1
4115,4140,5
4116,4142,1
4117,4144,10
4118,4144,12
4119,4147,5
4120,4148,122
4121,4148,440
4122,4148,224
4123,4148,126
4124,4148,17
4125,4148,441
4126,4148,252
4127,4148,130
4128,4148,26
4129,4148,442
4130,4150,1
4131,4151,1
4132,4151,2
4133,4152,1
4134,4153,5
4135,4153,20
4136,4155,4
4137,4155,443
4138,4159,145
4139,4159,6
4140,4162,4
4141,4163,280
4142,4163,10
4143,4163,444
4144,4163,50
4145,4163,1
4146,4163,58
4147,4164,5
4148,4164,1
4149,4164,2
4150,4164,380
4151,4165,12
4152,4165,3
4153,4165,4
4154,4165,6
4155,4165,271
4156,4165,1
4157,4165,88
4158,4165,292
4159,4165,133
4160,4166,1
4161,4167,4
4162,4169,1
4163,4170,4
4164,4173,34
4165,4173,9
4166,4174,34
4167,4174,1
4168,4175,204
4169,4175,445
4170,4177,26
4171,4178,10
4172,4178,12
4173,4178,29
4174,4178,446
4175,4178,23
4176,4178,447
4177,4178,4
4178,4178,6
4179,4178,17
4180,4178,14
4181,4178,448
4182,4178,25
4183,4178,37
4184,4178,13
4185,4179,6
4186,4179,34
4187,4180,5
4188,4181,10
4189,4181,23
4190,4182,1
4191,4183,5
4192,4184,11
4193,4186,439
4194,4188,5
4195,4192,292
4196,4195,12
4197,4195,449
4198,4195,450
4199,4195,427
4200,4195,451
4201,4195,4
4202,4195,452
4203,4195,124
4204,4195,25
4205,4195,88
4206,4195,292
4207,4196,122
4208,4196,453
4209,4196,130
4210,4196,26
4211,4197,23
4212,4201,10
4213,4201,3
4214,4201,11
4215,4201,5
4216,4201,1
4217,4202,10
4218,4202,3
4219,4202,4
4220,4202,34
4221,4202,1
4222,4202,2
4223,4204,4
4224,4206,37
4225,4207,1
4226,4211,26
4227,4212,34
4228,4215,1
4229,4217,1
4230,4218,5
4231,4219,4
4232,4219,2
4233,4220,1
4234,4223,210
4235,4223,454
4236,4223,10
4237,4223,3
4238,4223,30
4239,4223,25
4240,4223,455
4241,4223,88
4242,4223,233
4243,4223,234
4244,4226,1
4245,4227,420
4246,4227,9
4247,4228,1
4248,4230,3
4249,4230,5
4250,4230,9
4251,4232,1
4252,4234,1
4253,4236,26
4254,4237,1
4255,4239,10
4256,4239,456
4257,4239,306
4258,4239,204
4259,4240,1
4260,4241,1
4261,4246,1
4262,4247,4
4263,4248,81
4264,4249,1
4265,4251,1
4266,4253,1
4267,4254,6
4268,4254,1
4269,4255,5
4270,4256,1
4271,4257,1
4272,4260,9
4273,4260,37
4274,4262,1
4275,4263,336
4276,4263,2
4277,4263,9
4278,4264,457
4279,4264,4
4280,4265,6
4281,4265,1
4282,4266,1
4283,4267,1
4284,4269,1
4285,4270,1
4286,4272,10
4287,4272,106
4288,4272,33
4289,4272,1
4290,4272,88
4291,4273,145
4292,4273,10
4293,4273,12
4294,4273,3
4295,4273,4
4296,4273,17
4297,4273,5
4298,4273,169
4299,4273,26
4300,4273,458
4301,4273,433
4302,4273,13
4303,4274,6
4304,4274,1
4305,4276,5
4306,4281,1
4307,4282,10
4308,4282,26
4309,4284,5
4310,4287,1
4311,4288,6
4312,4288,1
4313,4291,6
4314,4291,1
4315,4292,1
4316,4293,5
4317,4293,1
4318,4294,5
4319,4295,1
4320,4296,1
4321,4297,84
4322,4297,133
4323,4299,459
4324,4299,391
4325,4301,5
4326,4301,233
4327,4302,145
4328,4302,10
4329,4302,81
4330,4302,4
4331,4302,6
4332,4302,34
4333,4302,433
4334,4303,5
4335,4304,26
4336,4304,1
4337,4306,1
4338,4308,1
4339,4310,10
4340,4310,3
4341,4310,106
4342,4310,4
4343,4310,1
4344,4310,88
4345,4311,1
4346,4316,460
4347,4316,61
4348,4318,4
4349,4322,5
4350,4322,1
4351,4324,5
4352,4330,1
4353,4331,5
4354,4335,1
4355,4337,1
4356,4338,34
4357,4338,1
4358,4339,1
4359,4341,1
4360,4345,1
4361,4346,10
4362,4346,1
4363,4346,2
4364,4348,1
4365,4348,2
4366,4349,5
4367,4350,4
4368,4353,23
4369,4355,5
4370,4356,6
4371,4357,3
4372,4357,106
4373,4357,5
4374,4357,1
4375,4357,2
4376,4359,1
4377,4360,1
4378,4361,9
4379,4364,6
4380,4364,1
4381,4367,1
4382,4368,1
4383,4369,1
4384,4370,1
4385,4371,1
4386,4372,1
4387,4373,5
4388,4375,4
4389,4377,1
4390,4378,1
4391,4379,29
4392,4379,4
4393,4379,124
4394,4379,37
4395,4380,461
4396,4380,10
4397,4380,3
4398,4380,462
4399,4380,4
4400,4380,17
4401,4380,34
4402,4380,7
4403,4380,26
4404,4380,463
4405,4381,151
4406,4381,10
4407,4381,464
4408,4381,465
4409,4381,466
4410,4381,17
4411,4381,14
4412,4381,68
4413,4381,467
4414,4381,26
4415,4381,20
4416,4381,468
4417,4381,469
4418,4384,5
4419,4386,6
4420,4392,5
4421,4393,5
4422,4397,97
4423,4397,4
4424,4400,1
4425,4401,235
4426,4401,1
4427,4403,3
4428,4403,6
4429,4407,1
4430,4408,11
4431,4408,1
4432,4411,4
4433,4411,1
4434,4411,292
4435,4412,1
4436,4413,1
4437,4414,1
4438,4414,9
4439,4416,1
4440,4417,1
4441,4422,10
4442,4422,11
4443,4422,17
4444,4422,50
4445,4422,470
4446,4423,1
4447,4425,5
4448,4427,23
4449,4427,6
4450,4429,5
4451,4429,169
4452,4432,5
4453,4433,471
4454,4433,26
4455,4433,472
4456,4435,4
4457,4436,1
4458,4437,1
4459,4439,6
4460,4439,1
4461,4440,5
4462,4441,1
4463,4442,5
4464,4443,1
4465,4443,9
4466,4444,3
4467,4444,176
4468,4444,23
4469,4444,4
4470,4444,6
4471,4444,5
4472,4444,2
4473,4444,239
4474,4446,1
4475,4447,4
4476,4448,5
4477,4455,5
4478,4456,4
4479,4458,23
4480,4458,4
4481,4458,14
4482,4458,36
4483,4458,37
4484,4460,5
4485,4461,5
4486,4461,233
4487,4461,234
4488,4462,34
4489,4463,421
4490,4463,422
4491,4463,6
4492,4463,34
4493,4466,1
4494,4468,1
4495,4469,23
4496,4469,1
4497,4470,11
4498,4475,26
4499,4476,107
4500,4476,10
4501,4476,6
4502,4476,34
4503,4476,7
4504,4476,1
4505,4476,9
4506,4476,381
4507,4478,5
4508,4482,1
4509,4483,1
4510,4484,1
4511,4486,1
4512,4488,3
4513,4488,4
4514,4488,1
4515,4488,2
4516,4490,1
4517,4493,1
4518,4494,1
4519,4495,1
4520,4496,27
4521,4496,1
4522,4497,4
4523,4497,34
4524,4497,26
4525,4498,23
4526,4499,1
4527,4500,1
4528,4502,1
4529,4504,1
4530,4505,184
4531,4507,10
4532,4507,3
4533,4507,11
4534,4507,4
4535,4507,1
4536,4507,2
4537,4508,23
4538,4509,5
4539,4509,233
4540,4510,10
4541,4510,5
4542,4511,5
4543,4511,1
4544,4516,10
4545,4516,3
4546,4516,11
4547,4516,1
4548,4516,88
4549,4517,4
4550,4521,4
4551,4521,6
4552,4522,5
4553,4523,9
4554,4524,1
4555,4527,26
4556,4527,473
4557,4527,474
4558,4527,194
4559,4529,5
4560,4531,5
4561,4532,9
4562,4533,10
4563,4533,327
4564,4533,1
4565,4534,26
4566,4536,4
4567,4537,1
4568,4539,475
4569,4539,4
4570,4539,6
4571,4539,476
4572,4539,34
4573,4539,7
4574,4539,1
4575,4539,36
4576,4540,9
4577,4540,13
4578,4541,5
4579,4542,5
4580,4543,23
4581,4547,33
4582,4547,109
4583,4549,10
4584,4549,3
4585,4549,33
4586,4549,4
4587,4549,6
4588,4549,5
4589,4549,34
4590,4549,1
4591,4549,2
4592,4549,36
4593,4550,10
4594,4550,4
4595,4550,1
4596,4551,4
4597,4551,34
4598,4552,6
4599,4552,1
4600,4553,1
4601,4553,2
4602,4556,1
4603,4557,1
4604,4559,23
4605,4560,6
4606,4560,1
4607,4560,9
4608,4561,9
4609,4561,391
4610,4562,23
4611,4562,25
4612,4562,1
4613,4563,26
4614,4564,1
4615,4564,2
4616,4565,3
4617,4565,1
4618,4566,11
4619,4567,151
4620,4567,278
4621,4567,10
4622,4567,60
4623,4567,17
4624,4567,7
4625,4567,1
4626,4567,36
4627,4567,110
4628,4568,4
4629,4568,6
4630,4568,1
4631,4568,2
4632,4568,9
4633,4568,37
4634,4569,10
4635,4569,3
4636,4569,92
4637,4569,4
4638,4569,6
4639,4569,34
4640,4569,7
4641,4569,1
4642,4569,13
4643,4570,1
4644,4571,11
4645,4571,5
4646,4571,1
4647,4572,5
4648,4573,1
4649,4575,6
4650,4575,34
4651,4577,1
4652,4577,2
4653,4578,4
4654,4578,1
4655,4579,5
4656,4580,228
4657,4580,10
4658,4580,21
4659,4580,342
4660,4580,4
4661,4580,414
4662,4580,477
4663,4580,478
4664,4581,23
4665,4582,1
4666,4589,6
4667,4591,5
4668,4597,5
4669,4598,1
4670,4600,10
4671,4600,3
4672,4600,1
4673,4601,1
4674,4602,34
4675,4603,1
4676,4605,1
4677,4605,9
4678,4606,1
4679,4607,1
4680,4608,23
4681,4608,17
4682,4608,14
4683,4608,25
4684,4608,20
4685,4611,1
4686,4612,3
4687,4612,4
4688,4612,50
4689,4612,1
4690,4613,5
4691,4614,6
4692,4614,1
4693,4615,1
4694,4616,5
4695,4617,55
4696,4617,1
4697,4618,1
4698,4618,2
4699,4619,7
4700,4620,1
4701,4621,6
4702,4621,34
4703,4621,1
4704,4622,23
4705,4622,479
4706,4623,4
4707,4627,4
4708,4627,6
4709,4632,4
4710,4633,1
4711,4634,4
4712,4634,26
4713,4635,12
4714,4635,3
4715,4635,124
4716,4635,1
4717,4636,1
4718,4637,1
4719,4638,3
4720,4638,1
4721,4639,1
4722,4639,2
4723,4640,1
4724,4641,1
4725,4642,1
4726,4646,4
4727,4647,480
4728,4647,481
4729,4648,1
4730,4649,1
4731,4650,1
4732,4653,4
4733,4653,14
4734,4654,5
4735,4654,1
4736,4656,12
4737,4657,12
4738,4657,3
4739,4658,4
4740,4661,482
4741,4661,4
4742,4661,483
4743,4661,484
4744,4662,391
4745,4666,4
4746,4667,485
4747,4667,5
4748,4670,4
4749,4672,6
4750,4672,1
4751,4673,34
4752,4673,1
4753,4674,3
4754,4674,4
4755,4674,124
4756,4674,1
4757,4675,378
4758,4675,88
4759,4676,10
4760,4677,1
4761,4679,1
4762,4679,9
4763,4681,327
4764,4681,5
4765,4683,1
4766,4684,6
4767,4685,5
4768,4689,7
4769,4691,1
4770,4692,1
4771,4694,5
4772,4697,4
4773,4702,12
4774,4702,9
4775,4704,5
4776,4705,1
4777,4706,5
4778,4710,23
4779,4711,23
4780,4711,19
4781,4712,10
4782,4712,11
4783,4713,1
4784,4714,10
4785,4714,1
4786,4717,10
4787,4717,1
4788,4718,1
4789,4719,363
4790,4719,486
4791,4719,26
4792,4720,4
4793,4721,487
4794,4721,488
4795,4721,1
4796,4722,1
4797,4724,1
4798,4727,1
4799,4728,12
4800,4728,3
4801,4728,4
4802,4728,1
4803,4730,5
4804,4732,1
4805,4735,1
4806,4735,2
4807,4735,36
4808,4735,37
4809,4741,5
4810,4744,1
4811,4746,10
4812,4746,3
4813,4746,1
4814,4747,1
4815,4748,10
4816,4748,3
4817,4748,4
4818,4748,489
4819,4749,204
4820,4752,4
4821,4753,10
4822,4753,11
4823,4753,1
4824,4754,26
4825,4755,6
4826,4755,1
4827,4757,26
4828,4759,10
4829,4759,4
4830,4759,489
4831,4762,292
4832,4764,8
4833,4767,1
4834,4768,1
4835,4770,1
4836,4771,1
4837,4772,3
4838,4772,4
4839,4772,34
4840,4772,50
4841,4773,162
4842,4773,26
4843,4774,4
4844,4775,1
4845,4776,4
4846,4777,26
4847,4779,10
4848,4779,3
4849,4779,5
4850,4785,23
4851,4786,5
4852,4787,10
4853,4787,3
4854,4787,11
4855,4787,490
4856,4787,55
4857,4787,1
4858,4788,1
4859,4789,1
4860,4790,4
4861,4791,4
4862,4791,34
4863,4791,1
4864,4792,1
4865,4793,253
4866,4793,491
4867,4793,10
4868,4793,3
4869,4793,33
4870,4793,4
4871,4793,6
4872,4793,15
4873,4793,1
4874,4793,110
4875,4796,6
4876,4798,4
4877,4799,1
4878,4800,4
4879,4801,6
4880,4804,1
4881,4806,55
4882,4808,4
4883,4808,1
4884,4809,4
4885,4810,1
4886,4810,2
4887,4813,1
4888,4818,1
4889,4819,1
4890,4820,10
4891,4820,271
4892,4820,292
4893,4822,208
4894,4822,4
4895,4822,5
4896,4822,7
4897,4822,1
4898,4826,1
4899,4826,492
4900,4827,1
4901,4829,1
4902,4830,5
4903,4831,3
4904,4831,23
4905,4831,4
4906,4831,68
4907,4831,37
4908,4831,19
4909,4832,4
4910,4832,6
4911,4833,6
4912,4835,1
4913,4836,10
4914,4836,3
4915,4836,11
4916,4836,4
4917,4836,493
4918,4836,416
4919,4836,13
4920,4838,4
4921,4840,8
4922,4840,9
4923,4843,12
4924,4843,391
4925,4843,213
4926,4843,13
4927,4843,494
4928,4845,10
4929,4845,3
4930,4845,428
4931,4845,106
4932,4845,11
4933,4845,33
4934,4845,54
4935,4845,17
4936,4845,495
4937,4845,1
4938,4845,88
4939,4845,292
4940,4846,37
4941,4851,26
4942,4853,496
4943,4853,4
4944,4857,6
4945,4857,34
4946,4858,1
4947,4859,4
4948,4860,1
4949,4861,1
4950,4862,6
4951,4862,1
4952,4863,1
4953,4865,5
4954,4866,1
4955,4867,6
4956,4870,3
4957,4870,292
4958,4872,1
4959,4873,34
4960,4876,12
4961,4876,3
4962,4876,4
4963,4876,37
4964,4881,210
4965,4881,497
4966,4883,5
4967,4884,4
4968,4884,6
4969,4887,4
4970,4888,9
4971,4889,10
4972,4889,1
4973,4890,4
4974,4890,1
4975,4892,1
4976,4893,1
4977,4894,7
4978,4894,9
4979,4895,1
4980,4896,1
4981,4897,10
4982,4897,3
4983,4897,4
4984,4898,6
4985,4898,2
4986,4899,1
4987,4901,1
4988,4905,1
4989,4907,10
4990,4907,11
4991,4907,5
4992,4907,27
4993,4907,1
4994,4908,5
4995,4909,34
4996,4910,12
4997,4910,6
4998,4913,10
4999,4913,1
5000,4914,498
5001,4914,50
5002,4914,26
5003,4914,499
5004,4915,1
5005,4918,1
5006,4919,5
5007,4921,10
5008,4922,1
5009,4923,1
5010,4925,4
5011,4925,6
5012,4925,34
5013,4926,1
5014,4927,1
5015,4928,1
5016,4929,1
5017,4930,1
5018,4931,1
5019,4934,1
5020,4936,4
5021,4937,5
5022,4938,4
5023,4938,6
5024,4939,1
5025,4941,6
5026,4941,34
5027,4942,1
5028,4946,26
5029,4947,1
5030,4948,10
5031,4948,5
5032,4949,1
5033,4952,1
5034,4953,34
5035,4954,1
5036,4956,5
5037,4957,1
5038,4958,1
5039,4961,10
5040,4961,5
5041,4962,1
5042,4967,3
5043,4967,195
5044,4967,106
5045,4967,11
5046,4967,1
5047,4968,12
5048,4968,4
5049,4968,1
5050,4970,12
5051,4971,10
5052,4971,3
5053,4971,5
5054,4971,1
5055,4971,36
5056,4972,2
5057,4974,5
5058,4975,5
5059,4976,12
5060,4976,153
5061,4976,4
5062,4976,1
5063,4977,4
5064,4978,1
5065,4979,1
5066,4980,1
5067,4981,1
5068,4982,1
5069,4985,10
5070,4985,3
5071,4985,33
5072,4985,1
5073,4985,88
5074,4988,23
5075,4988,4
5076,4991,1
5077,4992,4
5078,4992,1
5079,4994,1
5080,4995,5
5081,4996,1
5082,4997,5
5083,5001,4
5084,5001,1
5085,5003,3
5086,5003,21
5087,5003,500
5088,5004,23
5089,5004,367
5090,5004,51
5091,5008,5
5092,5010,1
5093,5010,2
5094,5011,1
5095,5012,1
5096,5012,2
5097,5013,10
5098,5013,12
5099,5013,3
5100,5013,21
5101,5013,33
5102,5013,4
5103,5013,1
5104,5014,4
5105,5016,4
5106,5017,6
5107,5017,1
5108,5018,6
5109,5019,1
5110,5021,1
5111,5022,10
5112,5022,55
5113,5022,1
5114,5023,6
5115,5023,1
5116,5025,1
5117,5026,10
5118,5026,6
5119,5026,1
5120,5028,1
5121,5029,6
5122,5029,1
5123,5031,1
5124,5032,12
5125,5032,4
5126,5032,1
5127,5036,1
5128,5038,1
5129,5043,1
5130,5044,1
5131,5046,34
5132,5046,9
5133,5047,12
5134,5047,501
5135,5047,6
5136,5047,9
5137,5047,213
5138,5049,1
5139,5051,4
5140,5052,5
5141,5054,5
5142,5055,26
5143,5056,4
5144,5056,502
5145,5057,10
5146,5057,11
5147,5057,503
5148,5057,17
5149,5057,50
5150,5057,26
5151,5058,1
5152,5060,10
5153,5060,3
5154,5060,21
5155,5060,4
5156,5060,34
5157,5060,7
5158,5060,1
5159,5060,58
5160,5060,13
5161,5062,1
5162,5063,1
5163,5064,5
5164,5064,1
5165,5065,1
5166,5066,10
5167,5066,34
5168,5069,1
5169,5070,4
5170,5070,6
5171,5070,1
5172,5070,2
5173,5071,1
5174,5072,504
5175,5072,4
5176,5072,7
5177,5072,1
5178,5072,2
5179,5072,155
5180,5074,1
5181,5074,2
5182,5077,1
5183,5079,1
5184,5080,1
5185,5081,505
5186,5081,1
5187,5081,506
5188,5082,1
5189,5083,145
5190,5083,10
5191,5083,106
5192,5083,4
5193,5083,414
5194,5083,7
5195,5083,1
5196,5083,2
5197,5083,36
5198,5084,1
5199,5090,4
5200,5092,12
5201,5093,1
5202,5094,81
5203,5094,204
5204,5096,367
5205,5096,507
5206,5097,32
5207,5098,1
5208,5099,50
5209,5099,26
5210,5099,508
5211,5102,1
5212,5103,1
5213,5104,1
5214,5105,1
5215,5106,1
5216,5108,6
5217,5108,1
5218,5110,4
5219,5112,4
5220,5112,9
5221,5114,1
5222,5115,1
5223,5115,509
5224,5119,11
5225,5120,106
5226,5120,4
5227,5120,26
5228,5120,1
5229,5120,37
5230,5121,1
5231,5124,23
5232,5128,1
5233,5130,1
5234,5131,1
5235,5132,1
5236,5133,5
5237,5135,1
5238,5138,3
5239,5138,37
5240,5139,494
5241,5140,34
5242,5140,26
5243,5140,1
5244,5141,1
5245,5142,5
5246,5143,10
5247,5143,4
5248,5143,13
5249,5144,4
5250,5146,1
5251,5147,1
5252,5152,4
5253,5154,1
5254,5154,9
5255,5155,5
5256,5158,510
5257,5158,17
5258,5159,6
5259,5160,6
5260,5160,9
5261,5160,433
5262,5161,5
5263,5162,4
5264,5164,4
5265,5164,6
5266,5165,37
5267,5167,3
5268,5167,1
5269,5169,1
5270,5170,1
5271,5170,2
5272,5171,11
5273,5171,4
5274,5171,2
5275,5173,3
5276,5173,4
5277,5173,1
5278,5174,4
5279,5175,10
5280,5175,12
5281,5175,3
5282,5175,4
5283,5175,6
5284,5175,34
5285,5175,1
5286,5177,1
5287,5178,5
5288,5179,5
5289,5180,1
5290,5182,4
5291,5182,1
5292,5184,55
5293,5186,5
5294,5186,1
5295,5187,5
5296,5190,5
5297,5191,4
5298,5192,6
5299,5192,1
5300,5193,1
5301,5194,1
5302,5195,10
5303,5195,176
5304,5195,4
5305,5195,5
5306,5195,1
5307,5197,5
5308,5198,1
5309,5200,511
5310,5200,1
5311,5201,1
5312,5202,1
5313,5204,29
5314,5204,512
5315,5204,33
5316,5204,1
5317,5204,109
5318,5206,10
5319,5206,4
5320,5206,1
5321,5207,158
5322,5207,4
5323,5208,25
5324,5209,1
5325,5210,1
5326,5213,1
5327,5214,1
5328,5215,1
5329,5216,5
5330,5220,1
5331,5221,5
5332,5222,1
5333,5223,1
5334,5224,5
5335,5225,400
5336,5225,6
5337,5225,1
5338,5226,5
5339,5227,11
5340,5227,1
5341,5228,23
5342,5228,128
5343,5228,26
5344,5230,5
5345,5231,4
5346,5232,3
5347,5232,513
5348,5232,1
5349,5233,5
5350,5234,1
5351,5235,1
5352,5235,9
5353,5236,1
5354,5238,4
5355,5241,23
5356,5243,4
5357,5245,26
5358,5245,514
5359,5249,208
5360,5249,10
5361,5249,23
5362,5249,4
5363,5249,6
5364,5249,7
5365,5249,1
5366,5249,155
5367,5254,6
5368,5254,34
5369,5255,1
5370,5256,10
5371,5256,3
5372,5256,4
5373,5258,5
5374,5259,12
5375,5260,1
5376,5261,6
5377,5261,515
5378,5262,151
5379,5262,10
5380,5262,3
5381,5262,11
5382,5262,50
5383,5264,1
5384,5267,5
5385,5268,5
5386,5268,1
5387,5269,240
5388,5269,1
5389,5270,4
5390,5270,34
5391,5270,1
5392,5274,4
5393,5274,36
5394,5274,37
5395,5276,4
5396,5276,1
5397,5276,2
5398,5279,10
5399,5279,1
5400,5280,1
5401,5282,1
5402,5284,6
5403,5284,1
5404,5285,1
5405,5286,1
5406,5288,3
5407,5288,271
5408,5288,1
5409,5289,12
5410,5289,4
5411,5289,34
5412,5289,1
5413,5290,1
5414,5290,2
5415,5291,5
5416,5291,1
5417,5292,1
5418,5293,4
5419,5295,4
5420,5295,27
5421,5296,6
5422,5296,1
5423,5296,9
5424,5297,5
5425,5298,4
5426,5298,5
5427,5300,1
5428,5302,30
5429,5302,1
5430,5303,1
5431,5306,1
5432,5309,4
5433,5309,516
5434,5310,9
5435,5311,1
5436,5312,1
5437,5313,1
5438,5314,517
5439,5314,1
5440,5316,1
5441,5318,1
5442,5319,4
5443,5320,4
5444,5322,1
5445,5323,4
5446,5323,6
5447,5324,4
5448,5324,5
5449,5324,1
5450,5325,1
5451,5325,2
5452,5327,1
5453,5327,518
5454,5330,204
5455,5332,204
5456,5332,519
5457,5333,6
5458,5333,34
5459,5333,520
5460,5334,1
5461,5335,34
5462,5336,1
5463,5337,1
5464,5339,6
5465,5341,10
5466,5341,30
5467,5341,26
5468,5341,1
5469,5342,1
5470,5344,1
5471,5345,12
5472,5345,3
5473,5345,521
5474,5345,1
5475,5345,2
5476,5349,26
5477,5350,1
5478,5351,3
5479,5351,11
5480,5351,1
5481,5354,5
5482,5355,1
5483,5356,12
5484,5356,4
5485,5356,1
5486,5356,13
5487,5360,1
5488,5361,4
5489,5361,1
5490,5363,1
5491,5366,10
5492,5366,3
5493,5366,1
5494,5367,1
5495,5368,1
5496,5369,4
5497,5369,6
5498,5372,1
5499,5373,1
5500,5375,1
5501,5376,5
5502,5381,184
5503,5382,4
5504,5384,10
5505,5384,17
5506,5385,6
5507,5385,34
5508,5386,10
5509,5386,23
5510,5386,4
5511,5388,5
5512,5389,1
5513,5391,5
5514,5392,6
5515,5392,34
5516,5392,1
5517,5392,2
5518,5393,5
5519,5394,1
5520,5395,1
5521,5396,34
5522,5396,1
5523,5398,1
5524,5399,4
5525,5399,5
5526,5399,34
5527,5400,7
5528,5402,5
5529,5403,4
5530,5404,378
5531,5404,1
5532,5404,2
5533,5405,1
5534,5407,7
5535,5407,2
5536,5408,4
5537,5408,1
5538,5410,5
5539,5411,11
5540,5412,4
5541,5414,26
5542,5415,34
5543,5417,10
5544,5417,3
5545,5417,4
5546,5417,6
5547,5417,1
5548,5418,5
5549,5419,3
5550,5419,4
5551,5419,1
5552,5420,6
5553,5420,34
5554,5420,1
5555,5421,1
5556,5422,12
5557,5422,3
5558,5422,4
5559,5422,6
5560,5422,1
5561,5422,167
5562,5423,1
5563,5424,5
5564,5427,5
5565,5427,1
5566,5429,5
5567,5431,6
5568,5431,13
5569,5434,55
5570,5434,1
5571,5435,1
5572,5437,4
5573,5437,37
5574,5439,11
5575,5439,5
5576,5439,1
5577,5439,13
5578,5441,1
5579,5442,158
5580,5444,6
5581,5444,34
5582,5445,5
5583,5446,124
5584,5448,1
5585,5450,4
5586,5450,6
5587,5450,34
5588,5450,1
5589,5452,12
5590,5452,4
5591,5452,1
5592,5453,1
5593,5455,1
5594,5456,10
5595,5456,5
5596,5457,6
5597,5457,1
5598,5458,4
5599,5459,34
5600,5459,1
5601,5462,1
5602,5463,1
5603,5463,2
5604,5464,4
5605,5466,3
5606,5466,4
5607,5467,5
5608,5469,4
5609,5471,6
5610,5472,1
5611,5473,10
5612,5473,12
5613,5473,3
5614,5473,4
5615,5473,6
5616,5473,1
5617,5475,10
5618,5475,3
5619,5475,4
5620,5475,7
5621,5475,1
5622,5476,81
5623,5480,1
5624,5481,9
5625,5482,1
5626,5482,522
5627,5485,1
5628,5488,5
5629,5490,23
5630,5491,6
5631,5491,1
5632,5494,4
5633,5496,6
5634,5496,13
5635,5499,1
5636,5500,1
5637,5501,1
5638,5502,4
5639,5502,1
5640,5503,1
5641,5504,55
5642,5504,1
5643,5505,1
5644,5510,5
5645,5513,10
5646,5513,12
5647,5513,3
5648,5513,33
5649,5513,4
5650,5513,7
5651,5513,1
5652,5513,13
5653,5515,1
5654,5517,5
5655,5518,10
5656,5518,1
5657,5519,1
5658,5520,6
5659,5520,34
5660,5522,4
5661,5522,26
5662,5522,1
5663,5522,523
5664,5523,1
5665,5524,1
5666,5525,1
5667,5529,1
5668,5532,5
5669,5533,512
5670,5533,6
5671,5534,10
5672,5534,3
5673,5534,4
5674,5534,6
5675,5534,5
5676,5534,34
5677,5534,26
5678,5534,9
5679,5537,4
5680,5538,4
5681,5539,271
5682,5539,292
5683,5541,1
5684,5542,4
5685,5544,1
5686,5545,10
5687,5545,3
5688,5545,524
5689,5545,33
5690,5545,88
5691,5546,1
5692,5547,6
5693,5548,12
5694,5552,1
5695,5553,1
5696,5554,3
5697,5554,195
5698,5554,1
5699,5555,1
5700,5556,1
5701,5558,1
5702,5560,5
5703,5562,4
5704,5562,34
5705,5563,4
5706,5563,6
5707,5564,6
5708,5564,34
5709,5565,1
5710,5567,1
5711,5568,4
5712,5568,6
5713,5568,124
5714,5568,1
5715,5568,88
5716,5568,37
5717,5568,133
5718,5572,1
5719,5579,4
5720,5579,124
5721,5581,1
5722,5585,1
5723,5587,1
5724,5588,4
5725,5589,14
5726,5589,26
5727,5592,10
5728,5592,4
5729,5592,7
5730,5593,4
5731,5593,478
5732,5594,4
5733,5596,525
5734,5596,526
5735,5596,317
5736,5596,527
5737,5596,4
5738,5597,4
5739,5599,137
5740,5600,1
5741,5601,1
5742,5602,5
5743,5603,1
5744,5605,1
5745,5605,2
5746,5606,4
5747,5606,6
5748,5606,1
5749,5607,106
5750,5607,1
5751,5607,2
5752,5610,6
5753,5610,9
5754,5611,1
5755,5612,1
5756,5614,1
5757,5615,97
5758,5615,528
5759,5615,26
5760,5617,5
5761,5618,1
5762,5620,1
5763,5621,23
5764,5622,9
5765,5624,1
5766,5626,1
5767,5629,1
5768,5631,92
5769,5631,4
5770,5632,34
5771,5633,55
5772,5634,6
5773,5634,1
5774,5636,10
5775,5636,4
5776,5636,5
5777,5637,5
5778,5639,4
5779,5641,1
5780,5643,1
5781,5643,2
5782,5644,1
5783,5648,5
5784,5650,4
5785,5652,3
5786,5652,11
5787,5652,7
5788,5652,13
5789,5652,270
5790,5653,2
5791,5653,9
5792,5654,1
5793,5656,1
5794,5657,1
5795,5658,6
5796,5659,26
5797,5660,9
5798,5661,1
5799,5662,5
5800,5662,13
5801,5663,4
5802,5666,10
5803,5666,1
5804,5667,4
5805,5668,4
5806,5668,17
5807,5669,4
5808,5669,133
5809,5670,1
5810,5671,8
5811,5671,5
5812,5671,27
5813,5673,5
5814,5674,266
5815,5675,1
5816,5676,1
5817,5677,1
5818,5678,1
5819,5680,6
5820,5680,1
5821,5683,6
5822,5683,1
5823,5684,6
5824,5684,34
5825,5690,1
5826,5693,1
5827,5694,1
5828,5696,9
5829,5698,4
5830,5702,1
5831,5707,10
5832,5707,3
5833,5707,4
5834,5707,1
5835,5708,272
5836,5708,10
5837,5708,12
5838,5708,3
5839,5708,288
5840,5708,289
5841,5708,92
5842,5708,4
5843,5708,25
5844,5708,34
5845,5708,7
5846,5708,1
5847,5708,36
5848,5708,37
5849,5708,292
5850,5709,1
5851,5710,1
5852,5711,9
5853,5715,1
5854,5717,1
5855,5718,1
5856,5718,2
5857,5719,23
5858,5720,5
5859,5722,5
5860,5723,1
5861,5725,4
5862,5726,10
5863,5726,3
5864,5726,5
5865,5727,37
5866,5728,4
5867,5730,4
5868,5732,1
5869,5733,1
5870,5734,1
5871,5737,1
5872,5738,1
5873,5739,1
5874,5741,1
5875,5741,9
5876,5742,1
5877,5742,2
5878,5742,133
5879,5743,6
5880,5743,1
5881,5744,6
5882,5744,1
5883,5746,4
5884,5746,1
5885,5748,1
5886,5750,1
5887,5752,1
5888,5753,1
5889,5754,6
5890,5754,34
5891,5755,1
5892,5756,10
5893,5756,3
5894,5757,4
5895,5758,1
5896,5760,6
5897,5760,1
5898,5765,9
5899,5766,1
5900,5767,6
5901,5770,10
5902,5770,3
5903,5770,11
5904,5770,4
5905,5770,1
5906,5771,12
5907,5771,3
5908,5771,1
5909,5773,10
5910,5773,11
5911,5773,1
5912,5774,23
5913,5777,327
5914,5777,5
5915,5779,5
5916,5779,233
5917,5779,234
5918,5780,4
5919,5780,114
5920,5780,9
5921,5781,3
5922,5781,4
5923,5781,6
5924,5781,34
5925,5781,9
5926,5783,153
5927,5783,50
5928,5783,1
5929,5785,1
5930,5785,9
5931,5786,1
5932,5787,3
5933,5787,5
5934,5787,1
5935,5787,2
5936,5788,5
5937,5789,1
5938,5790,327
5939,5790,5
5940,5791,1
5941,5792,1
5942,5795,1
5943,5796,3
5944,5796,1
5945,5797,33
5946,5797,1
5947,5798,10
5948,5798,11
5949,5798,7
5950,5798,1
5951,5798,2
5952,5799,5
5953,5801,1
5954,5802,1
5955,5803,4
5956,5804,1
5957,5807,34
5958,5807,1
5959,5808,4
5960,5809,4
5961,5810,3
5962,5810,4
5963,5811,23
5964,5812,158
5965,5812,4
5966,5814,4
5967,5814,1
5968,5815,1
5969,5819,1
5970,5821,5
5971,5822,6
5972,5824,3
5973,5824,4
5974,5824,1
5975,5825,6
5976,5825,1
5977,5828,1
5978,5828,2
5979,5830,3
5980,5830,11
5981,5830,2
5982,5831,12
5983,5831,3
5984,5831,5
5985,5831,137
5986,5831,1
5987,5834,1
5988,5838,204
5989,5839,4
5990,5839,1
5991,5839,9
5992,5840,6
5993,5840,1
5994,5840,133
5995,5841,4
5996,5841,1
5997,5841,36
5998,5842,1
5999,5844,1
6000,5849,10
6001,5849,3
6002,5849,92
6003,5849,4
6004,5849,6
6005,5849,529
6006,5849,114
6007,5851,1
6008,5852,1
6009,5854,1
6010,5855,1
6011,5855,2
6012,5858,5
6013,5859,3
6014,5859,1
6015,5862,23
6016,5863,10
6017,5863,12
6018,5863,3
6019,5863,4
6020,5863,6
6021,5863,34
6022,5863,1
6023,5867,1
6024,5868,1
6025,5868,2
6026,5869,1
6027,5870,10
6028,5870,7
6029,5870,9
6030,5871,1
6031,5872,6
6032,5872,1
6033,5873,304
6034,5873,228
6035,5873,10
6036,5873,3
6037,5873,106
6038,5873,530
6039,5873,531
6040,5873,532
6041,5873,11
6042,5873,54
6043,5873,533
6044,5873,534
6045,5873,535
6046,5873,5
6047,5873,25
6048,5873,1
6049,5873,2
6050,5873,187
6051,5873,167
6052,5873,536
6053,5874,34
6054,5875,1
6055,5877,7
6056,5878,4
6057,5879,1
6058,5880,2
6059,5881,9
6060,5882,3
6061,5882,1
6062,5886,12
6063,5886,4
6064,5886,34
6065,5886,1
6066,5886,9
6067,5886,37
6068,5887,1
6069,5888,1
6070,5888,9
6071,5892,3
6072,5892,4
6073,5892,1
6074,5893,1
6075,5896,37
6076,5902,1
6077,5903,9
6078,5904,1
6079,5906,5
6080,5907,1
6081,5908,1
6082,5910,5
6083,5913,5
6084,5914,1
6085,5915,6
6086,5915,1
6087,5917,5
6088,5919,23
6089,5927,1
6090,5928,5
6091,5928,9
6092,5930,5
6093,5931,1
6094,5932,1
6095,5933,1
6096,5933,9
6097,5937,34
6098,5937,1
6099,5938,1
6100,5939,6
6101,5941,4
6102,5941,34
6103,5947,34
6104,5948,4
6105,5949,6
6106,5949,34
6107,5950,6
6108,5950,133
6109,5952,1
6110,5954,10
6111,5954,106
6112,5954,11
6113,5954,1
6114,5955,6
6115,5955,1
6116,5956,6
6117,5957,1
6118,5957,2
6119,5958,1
6120,5959,1
6121,5960,537
6122,5964,10
6123,5964,5
6124,5965,55
6125,5965,1
6126,5966,1
6127,5967,1
6128,5971,1
6129,5972,1
6130,5973,1
6131,5974,10
6132,5974,34
6133,5974,7
6134,5974,1
6135,5975,1
6136,5976,294
6137,5976,1
6138,5977,1
6139,5978,1
6140,5980,1
6141,5981,5
6142,5983,4
6143,5984,4
6144,5985,4
6145,5985,1
6146,5991,11
6147,5991,55
6148,5991,538
6149,5991,1
6150,5992,5
6151,5993,1
6152,5995,240
6153,5995,1
6154,5997,9
6155,5999,1
6156,6001,1
6157,6004,3
6158,6004,6
6159,6004,1
6160,6007,5
6161,6009,92
6162,6009,6
